Ticker,Name
AAC,Aac Holdings Inc
AAMC,Altisource Asset
AAOI,Applied Optoelectronics Inc
AAON,Aaon Inc
AAT,American Assets Trust
AAVL,Avalanche Biotechnologies Inc
AAWW,Atlas Air Worldwide Holdings
ABAX,Abaxis Inc
ABCB,Ameris Bancorp
ABCD,Cambium Learning Group
ABCO,The Advisory Board Company
ABCW,Anchor Bancorp Wisconsin Inc
ABEO,Abeona Therapeutics Inc
ABG,Asbury Automotive Group Inc
ABM,ABM Industries Incorporated
ABMD,Abiomed
ABY,Abengoa Yield Plc
ACAD,Acadia Pharmaceuticals Inc
ACAT,Arctic Cat Inc
ACCO,Acco Brands Corp
ACET,Aceto Corp
ACHN,Achillion Pharmaceuticals
ACIW,Aci Worldwide
ACLS,Axcelis Technologies
ACOR,Acorda Therapeutics
ACRE,Ares Commercial Real Estate Cor
ACTA,Actua Corporation
ACTG,Acacia Research Corp
ACW,Accuride Corporation
ACXM,Acxiom Corp
ADC,Agree Realty Corp
ADMS,Adamas Pharmaceuticals Inc
ADPT,Adeptus Health Inc
ADRO,Aduro Biotech Inc
ADTN,Adtran Inc
ADUS,Addus Homecare Corp
ADXS,Advaxis Inc
AE,Adams Resources & Energy
AEGN,Aegoin Corp
AEGR,Aegerion Pharmaceuticals
AEIS,Advanced Energy Industries
AEL,American Equity Investment Life
AEO,American Eagle Outfitters
AEPI,AEP Industries Inc
AERI,Aerie Pharmaceuticals Inc
AF,Astoria Financial Corp
AFAM,Almost Family Inc
AFFX,Affymetrix
AFH,Atlas Financial Holdings Inc
AFMD,Affimed Therapeutics B.V
AFOP,Alliance Fiber Optic Products
AGEN,Agenus Inc
AGII,Argo Group International Holdings Ltd
AGM,Federal Agricultural Mortgage Corp
AGRX,Agile Therapeutics Inc
AGTC,Applied Genetic Technologies Co
AGX,Argan Inc
AGYS,Agilysys Inc
AHH,Armada Hoffler Properties Inc
AHP,Ashford Hospitality Prime Inc
AHS,Amn Healthcare Services Inc
AHT,Ashford Hospitality Trust Inc
AI,Arlington Asset Investment Corp
AIMC,Altra Holdings
AIN,Albany International Corp
AINC,Ashford Inc. Common Stock
AIQ,Alliance Healthcare Services
AIR,AAR Corp
AIRM,Air Methods Corp
AIT,Applied Industrial Technologies
AJRD,Gencorp Inc
AJX,Great Ajax Corp
AKBA,Akebia Therapeutics Inc
AKR,Acadia Realty Trust
AKS,AK Steel Holding Corp
ALCO,Alico Inc
ALDR,Alder Biopharmaceuticals Inc
ALE,Allete Inc
ALEX,Alexander and Baldwin Inc
ALG,Alamo Group
ALGT,Allegiant Travel Company
ALIM,Alimera Sciences
ALJ,Alon USA Energy
ALOG,Analogic Corp
ALX,Alexander's Inc
AMAG,Amag Pharmaceuticals
AMBA,Ambarella Inc
AMBC,Ambac Financial Group Inc
AMBR,Amber Road Inc
AMC,Amc Entertainment Holdings Inc
AMCC,Applied Micro Circuits Corp
AMD,Advanced Micro Devices
AMED,Amedisys Inc
AMKR,Amkor Technology
AMNB,American National Bankshares
AMOT,Allied Motion Technologies
AMPH,Amphastar Pharmaceuticals Inc
AMRC,Ameresco Inc
AMRI,Albany Molecular Research
AMSF,Amerisafe Inc
AMSG,Amsurg Corp
AMSWA,American Software
AMTG,Apollo Residential Mortgage In
AMWD,American Woodmark Corp
ANAC,Anacor Pharmaceuticals
ANCX,Access National Corp
ANDE,The Andersons
ANF,Abercrombie & Fitch Company
ANGI,Angie's List Inc
ANGO,Angiodynamics
ANH,Anworth Mortgage Asset Corp
ANIK,Anika Therapeutics Inc
ANIP,ANI Pharmaceuticals Inc
ANTH,Anthera Pharmaceuticals
AOSL,Alpha and Omega Semiconductor
APEI,American Public Education
APIC,Apigee Corp
APOG,Apogee Enterprises
APOL,Apollo Group
APPS,Digital Turbine Inc
APTS,Preferred Apartment Communities
ARAY,Accuray Incorporated
ARC,American Reprographics Company
ARCB,Arcbest Corp
ARDX,Ardelyx Inc
AREX,Approach Resources Inc
ARI,Apollo Commercial Real Estate
ARIA,Ariad Pharmaceuticals
ARII,American Railcar Industries
ARNA,Arena Pharmaceuticals
AROW,Arrow Financial Corp
ARPI,American Residential Properties
ARR,Armour Residential R
ARRY,Array Biopharma Inc
ARTNA,Artesian Resources Corp
ARWR,Arrowhead Research Corp
ASC,Ardmore Shipping Corp
ASCMA,Ascent Media Corp
ASEI,American Science and Engineering
ASGN,On Assignment
ASMB,Assembly Biosciences Inc
ASNA,Ascena Retail Group
ASPS,Altisource Portfolio Solutions S.A.
AST,Asterias Biotherapeutics Inc
ASTE,Astec Industries
AT,Atlantic Power Corp
ATEN,A10 Networks Inc
ATLO,Ames National Corp
ATNI,Atlantic Tele-Network
ATRA,Atara Biotherapeutics Inc
ATRC,Atricure
ATRI,Atrion Corp
ATRO,Astronics Corp
ATRS,Antares Pharma
ATSG,Air Transport Services Group Inc
ATU,Actuant Corp
ATW,Atwood Oceanics
AVA,Avista Corp
AVAV,Aerovironment
AVD,American Vanguard Corp
AVG,Avg Technologies N.V.
AVHI,Av Homes Inc
AVID,Avid Technology
AVX,Avx Corp
AWR,American States Water Company
AXAS,Abraxas Petroleum Corp
AXDX,Accelerate Diagnostics Inc
AXE,Anixter International Inc
AXL,American Axle & Manufacturing
AXLL,Georgia Gulf Corp
AYR,Aircastle Ltd
AZPN,Aspen Technology
AZZ,Azz Inc
B,Barnes Group
BABY,Natus Medical Inc
BANC,First Pactrust Bancorp
BANF,Bancfirst Corp
BANR,Banner Corp
BAS,Basic Energy Services
BBCN,Bbcn Bancorp Inc
BBG,Bill Barrett Corp
BBOX,Black Box Corp
BBRG,Bravo Brio Restaurant Group
BBSI,Barrett Business Services
BBW,Build-A-Bear Workshop
BBX,Bankatlantic Bancorp
BCC,Boise Cascade L.L.C. Common ST
BCEI,Bonanza Creek Energy Inc
BCO,Brink's Company
BCOR,Blucora Inc
BCOV,Brightcove Inc
BCPC,Balchem Corp
BCRX,Biocryst Pharmaceuticals
BDC,Belden Inc
BDE,Black Diamond
BDGE,Bridge Bancorp
BDSI,Biodelivery Sciences International
BEAT,Cardionet
BEBE,Bebe Stores
BECN,Beacon Roofing Supply
BEL,Belmond Ltd
BELFB,Bel Fuse Inc
BERY,Berry Plastics Group Inc
BFAM,Bright Horizons Family Solutions Inc
BFIN,Bankfinancial Corp
BFS,Saul Centers
BGC,General Cable Corp
BGCP,Bgc Partners
BGFV,Big 5 Sporting Goods Corp
BGG,Briggs & Stratton Corp
BGS,B&G Foods Holdings
BH,Biglari Holdings Inc
BHB,Bar Harbor Bankshares
BHBK,Blue Hills Bancorp Inc
BHE,Benchmark Electronics
BHLB,Berkshire Hills Bancorp
BID,Sotheby's Holdings
BIG,Big Lots
BIOS,Bioscrip Inc
BJRI,Bj's Restaurants
BKE,Buckle Inc
BKH,Black Hills Corp
BKMU,Bank Mutual Corp
BKS,Barnes & Noble
BLBD,Blue Bird Corp
BLCM,Bellicum Pharmaceuticals Inc
BLDR,Builders Firstsource
BLKB,Blackbaud Inc
BLMN,Bloomin' Brands Inc
BLMT,Bsb Bancorp Inc
BLOX,Infoblox Inc
BLT,Blount International
BLX,Banco Latinoamericano De Comercio
BMI,Badger Meter
BMRC,Bank of Marin Bancorp
BMTC,Bryn Mawr Bank Corp
BNCL,Beneficial Mutual Bancorp
BNCN,BNC Bancorp
BNFT,Benefitfocus Inc
BNK,C1 Financial Inc
BOBE,Bob Evans Farms
BOFI,Bofi Holding
BOJA,Bojangles' Inc
BOOT,Boot Barn Holdings Inc
BOX,Box Inc
BPFH,Boston Private Financial Holdings
BPI,Bridgepoint Education
BPMC,Blueprint Medicines Corp
BRC,Brady Corp
BREW,Craft Brewers Alliance Inc
BRG,Bluerock Residential Growth Rei
BRKL,Brookline Bancorp
BRKS,Brooks Automation
BRS,Bristow Group Inc
BRSS,Global Brass and Copper Holdin
BSET,Bassett Furniture Industries Inc
BSF,Bear State Financial Inc
BSFT,Broadsoft Inc
BSRR,Sierra Bancorp
BSTC,Biospecifics Technologies Corp
BTU,Peabody Energy Corp
BTX,Biotime Inc
BURL,Burlington Stores Inc
BUSE,First Busey Corp
BV,Bazaarvoice Inc
BWINB,Baldwin & Lyons
BWLD,Buffalo Wild Wings
BXS,Bancorpsouth Inc
BYD,Boyd Gaming Corp
BZH,Beazer Homes USA
CAC,Camden National Corp
CACB,Cascade Bancorp
CACI,Caci International
CACQ,Caesars Acquisition Company
CAKE,The Cheesecake Factory Inc
CAL,Caleres Inc
CALA,Calithera Biosciences Inc
CALD,Callidus Software
CALM,Cal-Maine Foods
CALX,Calix Inc
CAMP,Calamp Corp
CARA,Cara Therapeutics Inc
CARB,Carbonite Inc
CASH,Meta Financial Group
CASS,Cass Information Systems Inc
CASY,Caseys General Stores
CATM,Cardtronics Inc
CATO,Cato Corp
CATY,Cathay General Bancorp
CAVM,Cavium Inc
CBB,Cincinnati Bell Inc
CBF,Capital Bank Financial Corp
CBK,Christopher & Banks Corp
CBM,Cambrex Corp
CBMG,Cellular Biomedicine Group Inc
CBPX,Continental Building Products
CBR,Ciber Inc
CBRL,Cracker Barrel Old Country Store
CBU,Community Bank System
CBYL,Carbylan Therapeutics Inc
CBZ,Cbiz Inc
CCBG,Capital City Bank Group
CCC,Calgon Carbon Corp
CCF,Chase Corp
CCG,Campus Crest Communities
CCMP,Cabot Microelectronics Corp
CCNE,Cnb Financial Corp
CCOI,Cogent Communications Group
CCRN,Cross Country Healthcare
CCS,Century Communities Inc
CCXI,Chemocentryx Inc
CDE,Coeur Mining Inc
CDI,Cdi Corp
CDR,Cedar Shopping Centers Inc
CDRB,Code Rebel Corp
CDTX,Cidara Therapeutics Inc
CEB,The Corporate Executive Board Company
CECE,Ceco Environmental
CECO,Career Education Corp
CEMP,Cempra Inc
CENTA,Central Garden & Pet Company
CENX,Century Aluminum Company
CERS,Cerus Corp
CETV,Central European Media Enterprises
CEVA,Ceva Inc
CFFN,Capitol Federal Financial
CFI,Culp Inc
CFNL,Cardinal Financial Corp
CGI,Celadon Group
CHCO,City Holding Company
CHDN,Churchill Downs Inc
CHE,Chemed Inc
CHEF,The Chefs' Warehouse Inc
CHFC,Chemical Financial Corp
CHFN,Charter Financial
CHGG,Chegg Inc
CHKE,Cherokee Inc
CHMT,Chemtura Corp
CHRS,Coherus Biosciences Inc
CHS,Chico's Fas
CHSP,Chesapeake Lodging Trust
CHUY,Chuy's Holding Inc
CIA,Citizens Inc
CIEN,Ciena Corp
CIFC,Cifc Corp
CIR,Circor International
CIVI,Civitas Solutions Inc
CJES,C&J Energy Services Inc
CKEC,Carmike Cinemas
CKH,Seacor Smit Inc
CKP,Checkpoint Systms
CLC,Clarcor Inc
CLCT,Collectors Universe
CLD,Cloud Peak Energy Inc
CLDT,Chatham Lodging Trust [Reit]
CLDX,Celldex Therapeutics Inc
CLF,Cliffs Natural Resources Inc
CLFD,Clearfield
CLI,Mack-Cali Realty Corp
CLMS,Calamos Asset Management
CLNE,Clean Energy Fuels
CLNY,Colony Financial Inc
CLVS,Clovis Oncology Inc
CLW,Clearwater Paper Corp
CMC,Commercial Metals Company
CMCO,Columbus Mckinnon Corp
CMLS,Cumulus Media Inc
CMN,Cantel Medical
CMO,Capstead Mortgage Corp
CMPR,Cimpress N.V.
CMRX,Chimerix Inc
CMT,Core Molding Technologies Inc
CMTL,Comtech Telecommunications
CNBKA,Century Bancorp
CNCE,Concert Pharmaceuticals Inc
CNL,Cleco Power Llc
CNMD,Conmed Corp
CNO,Cno Financial Group
CNOB,Connectone Bancorp Inc
CNS,Cohn & Steers Inc
CNSL,Consolidated Communications Holdings
CNXR,Connecture Inc
COB,Community One Bancorp
COBZ,Cobiz Financial Inc
COHR,Coherent Inc
COHU,Cohu Inc
COKE,Coca-Cola Bottling Co. Consolidated
COLB,Columbia Banking System
COLL,Collegium Pharmaceutical Inc
COLM,Columbia Sportswear Company
CONE,Cyrusone Inc
CONN,Conn's Inc
COR,Coresite Realty Corp
CORE,Core-Mark Holding Company
CORI,Corium International Inc
CORR,Corenergy Infrastructure Trust Inc
CORT,Corcept Therapeutics Inc
COWN,Cowen Group
CPE,Callon Petroleum Company
CPF,Central Pacific Financial Co
CPHD,Cepheid
CPK,Chesapeake Utilities Corp
CPLA,Capella Education Company
CPRX,Catalyst Pharmaceutical Partners
CPS,Cooper Std Hldg Inc
CPSI,Computer Programs and Systems
CRAI,Cra Internationalinc
CRAY,Cray Inc
CRCM,Care.Com Inc
CRD.B,Crawford Co Cl B
CRIS,Curis Inc
CRMD,Cormedix Inc
CRMT,America's Car-Mart
CROX,Crocs Inc
CRR,Carbo Ceramics
CRS,Carpenter Technology Corp
CRUS,Cirrus Logic
CRVL,Corvel Corp
CRWN,Crown Media Holdings
CRY,Cryolife
CRZO,Carrizo Oil & Gas
CSBK,Clifton Savings Bancorp
CSCD,Cascade Microtech
CSFL,Centerstate Banks
CSGS,Csg Systems International
CSH,Cash America International
CSII,Cardiovascular Systems
CSLT,Castlight Health Inc
CSOD,Cornerstone Ondemand Inc
CSS,Css Industries
CSU,Capital Senior Living Corp
CSV,Carriage Services
CTB,Cooper Tire & Rubber Company
CTBI,Community Trust Bancorp
CTCT,Constant Contact
CTIC,Cell Therapeutics
CTLT,Catalent Inc
CTO,Consolidated-Tomoka Land Co
CTRE,Caretrust REIT Inc
CTRL,Control4 Corp
CTRN,Citi Trends
CTS,Cts Corp
CTT,Catchmark Timber Trust Inc
CTWS,Connecticut Water Service
CUB,Cubic Corp
CUBE,Cubesmart
CUBI,Customers Bancorp
CUDA,Barracuda Networks Inc
CUNB,California United Bk
CUTR,Cutera Inc
CUZ,Cousins Properties Inc
CVBF,Cvb Financial Corp
CVCO,Cavco Industries
CVEO,Civeo Corporation Common Stock
CVG,Convergys Corp
CVGI,Commercial Vehicle Group
CVGW,Calavo Growers
CVLT,Commvault Systems
CVRS,Corindus Vascular Robotics Inc
CVT,Cvent Inc
CVTI,Covenant Transportation Group
CW,Curtiss-Wright Corp
CWCO,Consolidated Water Co. Ltd
CWEI,Clayton Williams Energy
CWST,Casella Waste Systems
CWT,California Water Service Group Holding
CYNO,Cynosure Inc
CYS,Cys Investments Inc
CYTK,Cytokinetics Inc
CYTR,Cytrx Corp
CZNC,Citizens & Northern Corp
CZR,Caesars Entertainment Corporati
DAKT,Daktronics
DAN,Dana Holding Corp
DAR,Darling International Inc
DBD,Diebold Inc
DCO,Ducommun Inc
DCOM,Dime Community Bancshares
DCT,Dct Industrial Trust Inc
DEA,Easterly Government Properties
DECK,Deckers Outdoor Corp
DEL,Deltic Timber Corp
DENN,Denny's Corp
DEPO,Depomed Inc
DERM,Dermira Inc
DF,Dean Foods Company
DFRG,Del Frisco's Restaurant Group Llc
DFT,Dupont Fabros Technology
DGI,Digitalglobe Inc
DGICA,Donegal Group
DGII,Digi International Inc
DHIL,Diamond Hill Investment Group
DHT,Dht Holdings
DHX,Dice Holdings
DIN,Dineequity Inc
DIOD,Diodes Inc
DJCO,Daily Journal Corp. [S.C.]
DK,Delek US Holdings
DLX,Deluxe Corp
DMND,Diamond Foods
DMRC,Digimarc Corp
DOC,Physicians Realty Trust
DOOR,Masonite Wrldwde Hld
DORM,Dorman Products
DPLO,Dplo
DRH,Diamondrock Hospitality Company
DRII,Diamond Resorts International
DRNA,Dicerna Pharmaceuticals Inc
DRRX,Durect Corp
DSPG,DSP Group
DTLK,Datalink Corp
DTSI,DTS Inc
DV,Devry Inc
DVAX,Dynavax Technologies Corp
DW,Drew Industries Inc
DWA,Dreamworks Animation Skg
DWRE,Demandware Inc
DX,Dynex Capital
DXLG,Destination XL Inc.
DXPE,Dxp Enterprises
DY,Dycom Industries
DYAX,Dyax Corp
DYN,Dynegy Inc
EBF,Ennis Inc
EBIX,Ebix Inc
EBS,Emergent Biosolutions
EBSB,Meridian Interstate Bancorp
EBTC,Enterprise Bancorp Inc
ECHO,Echo Global Logistics
ECOL,US Ecology
ECOM,Channeladvisor Corp
ECPG,Encore Capital Group Inc
ECR,Eclipse Resources Corp
ECYT,Endocyte Inc
EDE,Empire District Electric Company
EDR,Education Realty Trust Inc
EE,El Paso Electric Company
EEFT,Euronet Worldwide
EFII,Electronics For Imaging
EFSC,Enterprise Financial Services Corp
EGBN,Eagle Bancorp
EGHT,8X8 Inc
EGL,Engility Holdings Inc. Common
EGLE,Eagle Bulk Shipping Inc
EGOV,Nic Inc
EGP,Eastgroup Properties
EGRX,Eagle Pharmaceuticals Inc
EHTH,Ehealth Inc
EIG,Employers Holdings Inc
EIGI,Endurance International Group H
ELGX,Endologix Inc
ELLI,Ellie Mae Inc
ELNK,Earthlink Inc
ELRC,Electro Rent Corp
ELY,Callaway Golf Company
EMCI,EMC Insurance Group
EME,Emcor Group
EMKR,Emcore Corp
ENOC,Enernoc Inc
ENPH,Enphase Energy Inc
ENS,Enersys Inc
ENSG,The Ensign Group
ENT,Global Eagle Entertainment Inc
ENTA,Enanta Pharmaceuticals Inc
ENTG,Entegris Inc
ENTL,Entellus Medical Inc
ENV,Envestnet Inc
ENVA,Enova International Inc. Commo
EPAM,Epam Systems Inc
EPAY,Bottomline Technologies
EPIQ,Epiq Systems
EPM,Evolution Petroleum Corp
EPR,Entertainment Properties Trust
EPZM,Epizyme Inc
EQY,Equity One
ERA,Era Group Inc. Common Stock W
ERI,Eldorado Resorts Inc
ERN,Erin Energy Corp
EROS,Eros International Plc
ESCA,Escalade Inc
ESE,Esco Technologies Inc
ESGR,Enstar Group Ltd
ESL,Esterline Technologies Corp
ESND,Essendant Inc
ESNT,Essent Group Ltd
ESPR,Esperion Therapeutics Inc
ESTE,Earthstone Energy
ETH,Ethan Allen Interiors Inc
ETM,Entercom Communications Corp
ETSY,Etsy Inc
EVC,Entravision Communications Corp
EVDY,Everyday Health Inc
EVER,Everbank Financial Corp
EVLV,Evine Live Inc
EVR,Evercore Partners Inc
EVTC,Evertec Inc. Common Stock
EXAC,Exactech Inc
EXAM,Examworks Group
EXAR,Exar Corp
EXAS,Exact Sciences Corp
EXEL,Exelixis Inc
EXLS,Exlservice Holdings
EXPO,Exponent Inc
EXPR,Express Inc
EXTR,Extreme Networks
EXXI,Energy Xxi [Bermuda] Ltd
EYES,Second Sight Medical Products
EZPW,Ezcorp Inc
FAF,First American Corp
FARM,Farmer Brothers Company
FARO,Faro Technologies
FBC,Flagstar Bancorp
FBIZ,First Business Financial Services
FBNC,First Bancorp
FBNK,First Connecticut Bancorp Inc
FBP,First Bancorp
FC,Franklin Covey Company
FCB,Fcb Financial Holdings Inc
FCBC,First Community Bancshares
FCEL,Fuelcell Energy
FCF,First Commonwealth Financial Corp
FCFS,First Cash Financial Services
FCH,Felcor Lodging Trust Inc
FCN,Fti Consulting
FCNCA,First Citizens Bancshares
FCS,Fairchild Semiconductor International
FCSC,Fibrocell Science
FDEF,First Defiance Financial
FDML,Federal-Mogul Corp
FDP,Fresh Del Monte Produce
FEIC,Fei Company
FELE,Franklin Electric Co
FENX,Fenix Parts Inc
FET,Forum Energy Technologies Inc
FF,Futurefuel Corp
FFBC,First Financial Bancorp
FFG,Fbl Financial Group
FFIC,Flushing Financial Corp
FFIN,First Financial Bankshares
FFKT,Farmers Capital Bank Corp
FGEN,Fibrogen Inc
FGL,Fidelity & Guaranty
FIBK,First Interstate Bancsystem
FICO,Fair Isaac and Company Inc
FINL,The Finish Line
FISI,Financial Institutions
FIVE,Five Below Inc
FIVN,Five9 Inc
FIX,Comfort Systems USA
FIZZ,National Beverage
FLDM,Fluidigm Corp
FLIC,The First of Long Island Corp
FLKS,Flex Pharma Inc
FLTX,Fleetmatics Group Plc
FLWS,1-800 Flowers.Com
FLXN,Flexion Therapeutics Inc
FLXS,Flexsteel Industries
FMBI,First Midwest Bancorp
FMER,Firstmerit Corp
FMI,Foundation Medicine Inc
FMSA,Fmsa Holdings Inc
FN,Fabrinet
FNB,F.N.B. Corp
FNBC,First Nbc Bank Holding Company
FNFV,Fnfv Group of Fidelity National
FNGN,Financial Engines
FNHC,Federated National Holding Company
FNLC,First Bancorp Inc [Me]
FNSR,Finisar Corp
FOE,Ferro Corp
FOLD,Amicus Therapeutics
FOMX,Foamix Pharmaceuticals Ltd
FOR,Forestar Group Inc
FORM,Formfactor
FORR,Forrester Research
FOXF,Fox Factory Holding Corp
FPO,First Potomac Realty Trust
FPRX,Five Prime Therapeutics Inc
FR,First Industrial Realty Trust
FRAN,Francesca's Holdings Corporatio
FRED,Fred's Inc
FRGI,Fiesta Restaurant Group Inc
FRM,Furmanite Corp
FRME,First Merchants Corp
FRO,Frontline Ltd
FRP,Fairpoint Communications
FRPH,Frp Holdings Inc
FRPT,Freshpet Inc
FRSH,Papa Murphys Holdings Inc
FSAM,Fifth Street Asset Management I
FSB,Franklin Financial Network Inc
FSP,Franklin Street Properties
FSS,Federal Signal Corp
FSTR,L.B. Foster Company
FTD,Ftd Companies Inc
FTK,Flotek Industries
FUEL,Rocket Fuel Inc
FUL,H. B. Fuller Company
FULT,Fulton Financial Corp
FVE,Five Star Quality Care
FWM,Fairway Group Holdings Corp
FWRD,Forward Air Corp
FXCB,Fox Chase Bancorp
GABC,German American Bancorp
GALE,Galena Biopharma
GB,Greatbatch
GBCI,Glacier Bancorp
GBL,Gamco Investors
GBLI,Global Indemnity Plc
GBNK,Guaranty Bancorp
GBX,Greenbrier Companies
GCAP,Gain Capital Holdings
GCO,Genesco Inc
GDOT,Green Dot Corp
GEF,Greif Bros. Corp
GEN,Genesis Healthcare Inc
GEO,Geo Group Inc
GEOS,Oyo Geospace Corp
GERN,Geron Corp
GES,Guess Inc
GFF,Griffon Corp
GHDX,Genomic Health
GHL,Greenhill & Co. Inc
GHM,Graham Corp
GIII,G-III Apparel Group
GIMO,Gigamon Inc
GK,G&K Services
GLDD,Great Lakes Dredge & Dock Corp
GLF,Gulfmark Offshore
GLOB,Globant S.A.
GLOG,Gaslog Ltd
GLRE,Greenlight Capital Re
GLT,Glatfelter
GLUU,Glu Mobile Inc
GMED,Globus Medical Inc
GNBC,Green Bancorp Inc
GNCA,Genocea Biosciences Inc
GNCMA,General Communication
GNE,Genie Energy Ltd. Class B Commo
GNMK,Genmark Diagnostics
GNRC,Generac Holdings Inc
GOGL,Golden Ocean Group Ltd
GOGO,Gogo Inc
GOOD,Gladstone Commercial Corp
GOV,Government Properties Income Trust
GPI,Group 1 Automotive
GPRE,Green Plains Renewable Energy
GPT,Gramercy Property Trust
GPX,Gp Strategies Corp
GRBK,Green Brick Partners Inc
GRC,Gorman-Rupp Company
GRUB,Grubhub Inc
GSAT,Globalstar
GSBC,Great Southern Bancorp
GSIG,Gsi Group Inc
GSM,Globe Specialty Metals Inc
GST,Gastar Exploration
GTLS,Chart Industries
GTN,Gray Television
GTS,Triple-S Management Corp
GTT,Global Telcom & Technology Inc
GTY,Getty Realty Corp
GUID,Guidance Software
GVA,Granite Construction Inc
GWB,Great Western Bancorp Inc
GWRE,Guidewire Software Inc. Common
HA,Hawaiian Holdings
HABT,The Habit Restaurants Inc
HAE,Haemonetics Corp
HAFC,Hanmi Financial Corp
HALL,Hallmark Financial Services
HALO,Halozyme Therapeutics
HASI,Hannon Armstrong Sustainable In
HAWK,Blackhawk Network Holdings Inc
HAYN,Haynes International
HBHC,Hancock Holding Company
HBIO,Harvard Bioscience
HBNC,Horizon Bancorp [In]
HCCI,Heritage-Crystal Clean
HCHC,Hc2 Holdings Inc
HCI,Homeowners Choice
HCKT,The Hackett Group
HCOM,Hawaiian Telcom Hold
HCSG,Healthcare Services Group
HDP,Hortonworks Inc
HEES,H&E Equipment Services
HEI,Heico Corp
HEI.A,Heico Cp Cl A
HELE,Helen of Troy Ltd
HEOP,Heritage Oaks Bancorp
HF,HFF Inc
HFWA,Heritage Financial Corp
HGR,Hanger Orthopedic Group
HHS,Harte-Hanks
HI,Hillenbrand Inc
HIBB,Hibbett Sports
HIFR,Infrareit Inc
HIFS,Hingham Institution For Savings
HIL,Hill International
HIVE,Aerohive Networks Inc
HIW,Highwoods Properties
HK,Halcon Resources
HL,Hecla Mining Company
HLIT,Harmonic Inc
HLS,Healthsouth Corp
HLTH,Nobilis Health Corp
HLX,Helix Energy Solutions Group
HMHC,Houghton Mifflin Harcourt C
HMN,Horace Mann Educators Corp
HMPR,Hampton Roads Bankshares Inc
HMST,Homestreet Inc
HMSY,Hms Holdings Corp
HMTV,Hemisphere Media
HNH,Handy & Harman Ltd
HNI,Hon Industries Inc
HNRG,Hallador Energy Company
HOFT,Hooker Furniture Corp
HOMB,Home Bancshares
HOS,Hornbeck Offshore Services
HOV,Hovnanian Enterprises Inc
HPP,Hudson Pacific Properties
HPY,Heartland Payment Systems
HQY,Healthequity Inc
HR,Healthcare Realty Trust Inc
HRG,Harbinger Group Inc
HRTG,Heritage Insurance Holdings
HRTX,Heron Therapeutics Inc
HSC,Harsco Corp
HSII,Heidrick & Struggles International
HSKA,Heska Corp
HSNI,HSN Inc
HSTM,Healthstream Inc
HT,Hersha Hospitality Trust
HTBI,Hometrust Bancshares Inc
HTBK,Heritage Commerce Corp
HTH,Hilltop Holdings Inc
HTLD,Heartland Express
HTLF,Heartland Financial USA
HTS,Hatteras Financial Corp
HTWR,Heartware International
HUBG,Hub Group
HUBS,Hubspot Inc
HURC,Hurco Companies
HURN,Huron Consulting Group Inc
HVT,Haverty Furniture Companies
HW,Headwaters Inc
HWAY,Healthways Inc
HWKN,Hawkins Inc
HY,Hyster-Yale Materials Handling
HYH,Halyard Health Inc. Common Sto
HZO,Marinemax Inc
I,Intelsat S.A. Common Shares
IART,Integra Lifesciences Holdings Corp
IBCP,Independent Bank Corp
IBKC,Iberiabank Corp
IBOC,International Bancshares Corp
IBP,Installed Building Products I
IBTX,Independent Bank Group Inc
ICD,Independence Contract Drilling Inc
ICFI,Icf International
ICON,Iconix Brand Group
ICUI,Icu Medical
IDA,Idacorp Inc
IDCC,Interdigital
IDRA,Idera Pharmaceuticals
IDT,IDT Corp
IDTI,Integrated Device Technology
IHC,Independence Holding Company
IIIN,Insteel Industries
IILG,Interval Leisure Group
IIVI,Ii-Vi Inc
IL,Intralinks Holdings
IMAX,Imax Corp
IMDZ,Immune Design Corp
IMGN,Immunogen
IMH,Impac Mortgage Holdings
IMKTA,Ingles Markets Inc
IMMR,Immersion Corp
IMMU,Immunomedics
IMN,Imation Corp
IMPR,Imprivata Inc
IMPV,Imperva Inc
INAP,Internap Network Services Corp
INCR,Inc Research Holdings Inc
INDB,Independent Bank
INFI,Infinity Pharmaceuticals
INFN,Infinera Corp
INGN,Inogen Inc
ININ,Interactive Intelligence
INN,Summit Hotel Properties
INO,Inovio Pharmaceuticals
INSM,Insmed Inc
INSY,Insys Therapeutics Inc
INTL,Intl Fcstone Inc
INVN,Invensense Inc
INWK,Innerworkings
IO,ION Geophysical Corp
IOSP,Innospec Inc
IPAR,Inter Parfums
IPCC,Infinity Property and Casualty Corp
IPHI,Inphi Corp
IPHS,Innophos Holdings
IPI,Intrepid Potash Inc
IPXL,Impax Laboratories
IQNT,Inteliquent Inc
IRBT,Irobot Corp
IRC,Inland Real Estate Corp
IRDM,Iridium Communications Inc
IRET,Investors Real Estate Trust
IRMD,Iradimed Corporation
IRT,Independence Realty Trust Inc
IRWD,Ironwood Pharmaceuticals
ISBC,Investors Bancorp
ISCA,International Speedway Corp
ISIL,Intersil Corp
ISLE,Isle of Capri Casinos
ISRL,Isramco Inc
ITCI,Intra-Cellular Ther
ITG,Investment Technology Group
ITRI,Itron Inc
IVC,Invacare Corp
IVR,Invesco Mortgage Capital Inc
IXYS,Ixys Corp
JACK,Jack In The Box Inc
JAKK,Jakks Pacific
JBSS,John B. Sanfilippo & Son
JBT,John Bean Technologies Corp
JCOM,J2 Global Communications Inc
JGW,Jgwpt Holdings Inc
JIVE,Jive Software Inc
JJSF,J & J Snack Foods
JMBA,Jamba Inc
JMG,Journal Media Group Inc. Commo
JNS,Janus Capital Group Inc
JOE,St. Joe Company
JONE,Jones Energy Inc
JOUT,Johnson Outdoors Inc
JRVR,James River Group Holdings Ltd
KAI,Kadant Inc
KALU,Kaiser Aluminum Corp
KAMN,Kaman Corp
KBAL,Kimball International Inc
KBH,KB Home
KCG,Kcg Holdings Inc
KCLI,Kansas City Life Insurance Company
KE,Kimball Electronics Inc
KEG,Key Energy Services
KELYA,Kelly Services
KERX,Keryx Biopharmaceuticals
KEYW,The Keyw Holding Corp
KFRC,Kforce Inc
KFY,Korn/Ferry International
KIRK,Kirkland's Inc
KITE,Kite Pharma Inc
KKD,Krispy Kreme Doughnuts
KLXI,Klx Inc
KMG,KMG Chemicals
KMPR,Unitrin
KN,Knowles Corporation Common Stoc
KND,Kindred Healthcare
KNL,Knoll Inc
KNX,Knight Transportation
KODK,Eastman Kodak
KONA,Kona Grill
KOP,Koppers Holdings Inc
KOPN,Kopin Corp
KPTI,Karyopharm Therapeutics Inc
KRA,Kraton Performance Polymers Inc
KRG,Kite Realty Group Trust
KRNY,Kearny Financial
KRO,Kronos Worldwide Inc
KS,Kapstone Paper and Packaging Corp
KTOS,Kratos Defense & Security Solutions
KTWO,K2M Group Holdings Inc
KVHI,Kvh Industries
KW,Kennedy-Wilson Holdings Inc
KWR,Quaker Chemical Corp
LABL,Multi-Color Corp
LAD,Lithia Motors
LADR,Ladder Capital Corp
LANC,Lancaster Colony Corp
LAWS,Lawson Products
LBAI,Lakeland Bancorp
LBIO,Lion Biotechnologies Inc
LBY,Libbey Inc
LCI,Lannett Co Inc
LCUT,Lifetime Brands
LDL,Lydall Inc
LDR,Landauer Inc
LDRH,Ldr Holding Corp
LE,Lands' End Inc
LFUS,Littelfuse
LG,Laclede Group
LGIH,LGI Homes Inc
LGND,Ligand Pharmaceuticals Inc
LHCG,LHC Group
LHO,Lasalle Hotel Properties
LIFE,Atyr Pharma Inc
LION,Fidelity Southern Corp
LIOX,Lionbridge Technologies
LJPC,La Jolla Pharma
LKFN,Lakeland Financial Corp
LL,Lumber Liquidators Holdings Inc
LLNW,Limelight Networks
LMAT,Lemaitre Vascular
LMNR,Limoneira Co
LMNX,Luminex Cor
LMOS,Lumos Networks Corp
LNCE,Snyder's Lance Inc
LNDC,Landec Corp
LNN,Lindsay Corp
LOCK,Lifelock Inc
LOCO,El Pollo Loco Holdings Inc
LOGM,Logmein Inc
LOPE,Grand Canyon Education
LORL,Loral Space and Communications
LOXO,Loxo Oncology Inc
LPG,Dorian Lpg Ltd
LPSN,Liveperson Inc
LPX,Louisiana-Pacific Corp
LQ,La Quinta Holdings Inc
LQDT,Liquidity Services
LRN,K12 Inc
LSCC,Lattice Semiconductor Corp
LTC,Ltc Properties
LTRPA,Liberty Tripadvisor Holdings I
LTS,Ladenburg Thalmann Financial Inc
LTXB,Legacytexas Financial Group Inc
LWAY,Lifeway Foods
LXFT,Luxoft Holding Inc
LXP,Lexington Realty Trust
LXRX,Lexicon Pharmaceuticals
LXU,Lsb Industries Inc
LYTS,Lsi Industries Inc
LZB,La-Z-Boy Inc
MACK,Merrimack Pharmaceuticals Inc
MANH,Manhattan Associates
MANT,Mantech International Corp
MASI,Masimo Corp
MATW,Matthews International Corp
MATX,Matson Inc
MBFI,MB Financial Inc
MBI,MBIA Inc
MBUU,Malibu Boats Inc
MBVT,Merchants Bancshares
MBWM,Mercantile Bank Corp
MC,Moelis
MCF,Contango Oil & Gas Company
MCHX,Marchex Inc
MCRI,Monarch Casino & Resort
MCS,Marcus Corp
MDAS,Medassets Inc
MDC,M.D.C. Holdings
MDCA,M.D.C. Partners Inc
MDCO,The Medicines Company
MDGN,Medgenics Inc. Common Stock
MDLY,Medley Management Inc
MDP,Meredith Corp
MDR,McDermott International
MDSO,Medidata Solutions
MDXG,Mimedx Group Inc
MED,Medifast Inc
MEG,Media General
MEI,Methode Electronics
MENT,Mentor Graphics Corp
METR,Metro Bancorp Inc
MFLX,Multi-Fineline Electronix
MFRM,Mattress Firm Holding Corp
MG,Mistras Group Inc
MGEE,Mge Energy Inc
MGI,Moneygram International
MGLN,Magellan Health Services
MGNX,Macrogenics Inc
MGPI,MGP Ingredients
MGRC,Mcgrath Rentcorp
MHGC,Morgans Hotel Group Co
MHLD,Maiden Hldgs Ltd
MHO,M/I Homes
MIFI,Novatel Wireless
MINI,Mobile Mini
MITT,Ag Mortgage Investment Trust
MKSI,Mks Instruments
MKTO,Marketo Inc
MKTX,Marketaxess Holdings
MLAB,Mesa Laboratories
MLHR,Herman Miller
MLI,Mueller Industries
MLNK,Moduslink Global Solutions Inc
MLR,Miller Industries
MMI,Marcus & Millichap
MMS,Maximus Inc
MMSI,Merit Medical Systems
MNKD,Mannkind Corp
MNR,Monmouth Real Estate Investment Corp
MNRO,Monro Muffler Brake
MNTA,Momenta Pharmaceuticals
MOBL,Mobileiron Inc
MOD,Modine Manufacturing Company
MODN,Model N Inc. Common Stock
MOFG,Midwestone Financial Group
MOG.A,Moog Inc
MOH,Molina Healthcare Inc
MORE,Monogram Residential Trust In
MOV,Movado Group Inc
MPAA,Motorcar Parts of America
MPG,Metaldyne Performance Group Inc
MPW,Medical Properties Trust
MPWR,Monolithic Power Systems
MPX,Marine Products Corp
MRC,Mrc Global Inc
MRCY,Mercury Computer Systems
MRIN,Marin Sotfware Incorporated
MRLN,Marlin Business Services
MRTN,Marten Transport
MRTX,Mirati Therapeutics Inc
MSA,Msa Safety Inc
MSCC,Microsemi Corp
MSEX,Middlesex Water Company
MSFG,Mainsource Financial Group
MSTR,Microstrategy Inc
MTDR,Matador Resources Company
MTG,Mgic Investment Corp
MTGE,American Capital Mortgage Inves
MTH,Meritage Corp
MTN,Vail Resorts
MTOR,Arvinmeritor
MTRN,Brush Wellman Inc
MTRX,Matrix Service Company
MTSC,MTS Systems Corp
MTSI,M/A-Com Technology Solutions Ho
MTSN,Mattson Technology
MTX,Minerals Technologies Inc
MTZ,Mastec Inc
MW,Men's Wearhouse
MWA,Mueller Water Products
MWW,Monster Worldwide
MXL,Maxlinear Inc
MXPT,Maxpoint Interactive Inc
MYCC,Clubcorp Holdings Inc
MYE,Myers Industries
MYGN,Myriad Genetics
MYRG,Myr Group
NADL,North Atlantic Drilling Ltd. Co
NANO,Nanometrics Inc
NAO,Nordic American Offshore Ltd
NAT,Nordic American Tanker Shipping Ltd
NATL,National Interstate Corp
NATR,Nature's Sunshine Products
NAV,Navistar International Corp
NAVB,Navidea Biopharmaceuticals Inc
NAVG,The Navigators Group
NBBC,Newbridge Bancorp
NBHC,National Bank Holdings Corp
NBIX,Neurocrine Biosciences
NBTB,NBT Bancorp Inc
NC,Nacco Industries
NCI,Navigant Consulting
NCMI,National Cinemedia
NCOM,National Commerce Corp
NCS,NCI Building Systems
NDLS,Noodles & Company
NEFF,Neff Corp
NEO,Neogenomics Inc
NEOG,Neogen Corp
NEWM,New Media Investment Group Inc
NEWP,Newport Corp
NEWR,New Relic Inc
NEWS,Newstar Financial
NFBK,Northfield Bancorp
NGHC,National General Holdings Corp
NGS,Natural Gas Services Group
NGVC,Natural Grocers By Vitamin Cottage Inc
NHC,National Healthcare Corp
NHI,National Health Investors
NHTC,Natural Health Trends Corp
NILE,Blue Nile Inc
NJR,Newjersey Resources Corp
NKSH,National Bankshares
NKTR,Nektar Therapeutics
NL,NL Industries
NLNK,Newlink Genetics Corp
NLS,Nautilus Group
NM,Navios Maritime Holdings Inc
NMBL,Nimble Storage Inc
NMIH,Nmi Holdings Inc
NNA,Navios Maritime Acquisition Corp
NNBR,NN Inc
NNI,Nelnet Inc
NOG,Northern Oil and Gas
NP,Neenah Paper
NPBC,National Penn Bancshares
NPK,National Presto Industries
NPO,Enpro Industries
NPTN,Neophotonics Corp
NR,Newpark Resources
NRCIA,National Research Corp
NRZ,New Residential Investment Corp
NSA,National Storage Affiliates Tru
NSIT,Insight Enterprises
NSM,Nationstar Mortgage Holdngs I
NSP,Insperity Inc
NSR,Neustar Inc
NSTG,Nanostring Technologies Inc
NTCT,Netscout Systems
NTGR,Netgear Inc
NTK,Nortek Inc
NTLS,Ntelos Holdings
NTRI,Nutrisystem Inc
NUTR,Nutraceutical International Corp
NUVA,Nuvasive Inc
NVAX,Novavax Inc
NVEC,Nve Corp
NVEE,Nv5 Holdings Inc
NVIV,Invivo Therapeutics Holdings
NVRO,Nevro Corp
NVTA,Invitae Corp
NWBI,Northwest Bancshares
NWBO,Northwest Biotherapeutics
NWE,Northwestern Corp
NWHM,New Home Co Llc
NWLI,National Western Life Insurance
NWN,Northwest Natural Gas Company
NWPX,Northwest Pipe Company
NX,Quanex Building Products Corp
NXRT,Nexpoint Residential Trust Inc
NXST,Nexstar Broadcasting Group
NXTM,Nxstage Medical
NYLD,NRG Yield Inc
NYMT,New York Mortgage Trust
NYNY,Empire Resorts
NYRT,New York REIT Inc
NYT,New York Times Company
OAS,Oasis Petroleum Inc
OB,Onebeacon Insurance Group
OCAT,Ocata Therapeutics Inc
OCFC,Oceanfirst Financial
OCLR,Oclaro Inc
OCN,Ocwen Financial Corp
OCUL,Ocular Therapeutix Inc
ODC,Oil-Dri Corporation of America
OFG,Oriental Financial Group
OFIX,Orthofix International N.V.
OFLX,Omega Flex
OGS,One Gas Inc
OIS,Oil States International
OKSB,Southwest Bancorp
OLED,Universal Display Corp
OLN,Olin Corp
OLP,One Liberty Properties
OMAM,Om Asset Management Ltd
OMCL,Omnicell Inc
OME,Omega Protein Corp
OMED,Oncomed Pharmaceuticals Inc
OMER,Omeros Corp
OMI,Owens & Minor
OMN,Omnova Solutions Inc
ONB,Old National Bancorp Capital
ONCE,Spark Therapeutics Inc
ONDK,On Deck Capital Inc
ONTY,Oncothyreon Inc
ONVO,Organovo Holdings
OPB,Opus Bank
OPHT,Ophthotech Corp
OPWR,Opower Inc
OPY,Oppenheimer Holdings
ORA,Ormat Technologies
ORBC,Orbcomm Inc
ORC,Orchid Island Capital Inc. Com
OREX,Orexigen Therapeutics
ORIT,Oritani Financial
ORN,Orion Marine Group Inc
OSBC,Old Second Bancorp
OSIR,Osiris Therapeutics
OSIS,Osi Systems
OSTK,Overstock.Com
OSUR,Orasure Technologies
OTIC,Otonomy Inc
OTTR,Otter Tail Corp
OUTR,Outerwall Inc
OVAS,Ovascience Inc
OVTI,Omnivision Technologies
OXFD,Oxford Immunotec Global Plc
OXM,Oxford Industries
OZRK,Bank of The Ozarks
PACB,Pacific Biosciences of California
PAHC,Phibro Animal Health Corp
PARR,Par Petroleum Corp
PATK,Patrick Industries
PAYC,Paycom Software Inc
PB,Prosperity Bancshares
PBH,Prestige Brand Holdings
PBPB,Potbelly Corp
PBY,Pep Boys-Manny Moe & Jack
PCBK,Pacific Continental Corporation [Ore]
PCCC,PC Connection
PCH,Potlatch Corp
PCO,Pendrell Corp
PCRX,Pacira Pharmaceuticals
PCTY,Paylocity Holding Corp
PCYG,Park City Group
PDCE,Pdc Energy Inc
PDFS,Pdf Solutions Inc
PDLI,Pdl Biopharma
PDVW,Pacific Datavision Inc
PE,Parsley Energy
PEB,Pebblebrook Hotel Trust
PEBO,Peoples Bancorp Inc
PEGA,Pegasystems Inc
PEGI,Pattern Energy Group Inc
PEI,Pennsylvania Real Estate Investment
PEIX,Pacific Ethanol
PENN,Penn National Gaming
PERY,Perry Ellis International Inc
PES,Pioneer Energy Services Corp
PETS,Petmed Express
PETX,Aratana Therapeutics Inc
PFBC,Preferred Bank
PFIS,Peoples Finl Svcs Co
PFNX,Pfenex Inc
PFPT,Proofpoint Inc
PFS,Provident Financial Services
PFSI,Pennymac Financial Services In
PFSW,Pfsweb Inc
PGC,Peapack-Gladstone Financial Corp
PGEM,Ply Gem Holdings Inc
PGND,Pga Holdings Inc
PGNX,Progenics Pharmaceuticals Inc
PGTI,Pgt Industries
PHH,Phh Corp
PHIIK,PHI Inc
PHX,Panhandle Royalty Company
PICO,Pico Holdings Inc
PIR,Pier 1 Imports
PJC,Piper Jaffray Companies
PKD,Parker Drilling Company
PKE,Park Electrochemical Corp
PKOH,Park-Ohio Holdings
PKY,Parkway Properties
PLAB,Photronics
PLAY,Dave and Buster's Entertainment
PLCE,The Children's Place Retail Stores
PLCM,Polycom Inc
PLKI,Popeyes Louisiana Kitchen Inc
PLOW,Douglas Dynamics
PLPC,Preformed Line Products Company
PLT,Plantronics
PLUG,Plug Power Inc
PLUS,Eplus Inc
PLXS,Plexus Corp
PMC,Pharmerica Corp
PMT,Pennymac Mortgage Investment Trust
PN,Patriot National Inc
PNFP,Pinnacle Financial Partners
PNK,Pinnacle Entertainment
PNM,PNM Resources Inc
PNY,Piedmont Natural Gas Company
PODD,Insulet Corp
POL,Polyone Corp
POOL,Pool Corp
POR,Portland General Electric Company
POST,Post Holdings Inc
POWI,Power Integrations
POWL,Powell Industries
POWR,Powersecure International Inc
POZN,Pozen Inc
PPBI,Pacific Premier Bancorp Inc
PPHM,Peregrine Pharmaceuticals Inc
PRAA,Portfolio Recovery Associates
PRAH,Pra Health Sciences Inc
PRFT,Perficient Inc
PRGS,Progress Software Corp
PRI,Primerica Inc
PRIM,Primoris Services Corp
PRK,Park National Corp
PRLB,Proto Labs Inc
PRO,Pros Holdings
PRSC,The Providence Service Corp
PRTA,Prothena Corporation Plc
PRTK,Paratek Pharmaceuticals Inc
PRTO,Proteon Therapeutics Inc
PRTY,Party City Holdco Inc
PRXL,Parexel International Corp
PSB,Business Parks
PSG,Performance Sports Group Ltd
PSIX,Power Solutions Inte
PSMT,Pricesmart Inc
PSTB,Park Sterling Bank
PTCT,Ptc Therapeutics Inc
PTLA,Portola Pharmaceuticals Inc
PTSI,P.A.M. Transportation Services
PTX,Pernix Therapeutics Holdings Inc
PVA,Penn Virginia Corp
PVTB,Privatebancorp
PWOD,Penns Woods Bancorp
PZN,Pzena Investment Management Inc
PZZA,Papa John's International
QADA,Qad Inc
QCRH,Qcr Holdings
QDEL,Quidel Corp
QLGC,Qlogic Corp
QLIK,Qlik Technologies Inc
QLYS,Qualys Inc
QNST,Quinstreet Inc
QSII,Quality Systems
QTM,Quantum Corp
QTS,Qts Realty Trust Inc
QTWO,Q2 Holdings Inc
QUAD,Quad Graphics Inc
RAIL,Freightcar America
RARE,Ultragenyx Pharmaceutical Inc
RAS,Rait Financial Trust
RATE,Bankrate Inc
RAVN,Raven Industries
RBCAA,Republic Bancorp
RCAP,RCS Capital Corp
RCII,Rent-A-Center Inc
RDEN,Elizabeth Arden
RDI,Reading International Inc
RDN,Radian Group Inc
RDNT,Radnet Inc
RDUS,Radius Health Inc
RECN,Resources Connection
REGI,Renewable Energy Group Inc
REI,Ring Energy Inc
REIS,Reis Inc
RELY,Signature Group
RENT,Rentrak Corp
RESI,Altisource Residential Corporat
REV,Revlon Inc
REX,Rex American Resources Corporation
REXI,Resource America
REXR,Rexford Industrial Realty Inc
REXX,Rex Energy Corp
RGEN,Repligen Corp
RGLS,Regulus Therapeutics Inc
RGR,Sturm Ruger & Company
RGS,Regis Corp
RH,Restoration Hardware Holdings
RHP,Gaylord Entertainment Company
RIGL,Rigel Pharmaceuticals
RJET,Republic Airways Holdings
RKDA,Arcadia Biosciences Inc
RKUS,Ruckus Wireless Inc
RLD,Reald Inc
RLGT,Radiant Logistics
RLI,Rli Corp
RLJ,Rlj Lodging Trust
RLYP,Relypsa Inc
RM,Regional Managment Corp
RMAX,Re/Max Holdings Inc
RMBS,Rambus Inc
RMTI,Rockwell Medical Technologies
RNET,Rignet Inc
RNG,Ringcentral Inc
RNST,Renasant Corp
RNWK,Realnetworks
ROCK,Gibraltar Industries
ROG,Rogers Corp
ROIC,Retail Opportunity Investments
ROLL,RBC Bearings Inc
ROVI,Rovi Corp
ROX,Castle Brands
RP,Realpage Inc
RPT,Ramco-Gershenson Properties Trust
RPTP,Raptor Pharmaceutical
RPXC,Rpx Corp
RRGB,Red Robin Gourmet Burgers
RRTS,Roadrunner Transportation Systems Inc
RSE,Rouse Properties Inc. Common S
RSO,Resource Capital
RSPP,Rsp Permian Inc
RSTI,Rofin-Sinar Technologies
RT,Ruby Tuesday
RTEC,Rudolph Technologies
RTIX,Rti Biologics
RTK,Rentech Inc
RTRX,Retrophin Inc
RUBI,The Rubicon Project Inc
RUSHA,Rush Enterprises
RUTH,Ruth's Hospitality Group
RVNC,Revance Therapeutics Inc
RWT,Redwood Trust
RXDX,Ignyta Inc
RXN,Rexnord Corp
RYAM,Rayonier Advanced Materials Inc
RYI,Ryerson Holding Corp
SAAS,Incontact
SAFM,Sanderson Farms
SAFT,Safety Insurance Group
SAGE,Sage Therapeutics Inc
SAH,Sonic Automotive
SAIA,Saia Inc
SAIC,Science Applications Internatio
SALE,Retailmenot Inc
SALT,Scorpio Bulkers Inc. Common Sto
SAM,Boston Beer Company
SANM,Sanmina-Sci Corp
SASR,Sandy Spring Bancorp
SB,Safe Bulkers Inc
SBCF,Seacoast Banking Corporation of Florida
SBGI,Sinclair Broadcast Group
SBRA,Sabra Healthcare REIT Inc
SBSI,Southside Bancshares
SBY,Silver Bay Realty Trust Corp
SCAI,Surgical Care Affiliates Inc
SCHL,Scholastic Corp
SCHN,Schnitzer Steel Industries
SCL,Stepan Company
SCLN,Sciclone Pharmaceuticals
SCMP,Sucampo Pharmaceuticals
SCOR,Comscore Inc
SCS,Steelcase Inc
SCSC,Scansource Inc
SCSS,Select Comfort Corp
SCVL,Shoe Carnival
SEAC,Seachange International
SEAS,Seaworld Entertainment Inc. Co
SEB,Seaboard Corp
SEM,Select Medical Holdings Corp
SEMG,Semgroup Corp
SENEA,Seneca Foods
SF,Stifel Financial Corp
SFBS,Servisfirst Bancshares Inc
SFE,Safeguard Scientifics
SFL,Ship Finance International
SFLY,Shutterfly
SFNC,Simmons First National Corp
SFS,Smart
SFXE,Sfx Entertainment Inc
SGA,Saga Communications
SGBK,Stonegate Bank [Fl]
SGC,Superior Uniform Group
SGI,Silicon Graphics International Corp
SGM,Stonegate Mortgage Corp
SGMO,Sangamo Biosciences
SGMS,Scientific Games Corp
SGNT,Sagent Pharmaceuticals Inc
SGY,Stone Energy Corp
SGYP,Synergy Pharmaceuticals Inc
SHAK,Shake Shack Inc
SHEN,Shenandoah Telecommunications Co
SHLM,A. Schulman
SHO,Sunstone Hotel Investors
SHOO,Steven Madden
SHOR,Shoretel Inc
SIEN,Sientra Inc
SIGI,Selective Insurance Group
SIGM,Sigma Designs
SIR,Select Income REIT Common Share
SIXD,6D Global Technologies Inc
SJI,South Jersey Industries
SJW,SJW Corp
SKUL,Skullcandy Inc
SKYW,Skywest Inc
SLAB,Silicon Laboratories
SLCA,U.S. Silica Holdings Inc
SMCI,Super Micro Computer
SMP,Standard Motor Products
SMRT,Stein Mart Inc
SMTC,Semtech Corp
SN,Sanchez Energy Corp
SNAK,Inventure Foods
SNBC,Sun Bancorp
SNC,State National Companies Inc
SNCR,Synchronoss Technologies
SNHY,Sun Hydraulics Corp
SNMX,Senomyx Inc
SNOW,Intrawest Resorts Holdings Inc
SNR,New Senior Investment Group Inc
SNTA,Synta Pharmaceuticals
SNX,Synnex Corp
SONC,Sonic Corp
SONS,Sonus Networks
SP,SP Plus Corporation
SPA,Sparton Corp
SPKE,Spark Energy Inc
SPNC,The Spectranetics Corp
SPNS,Sapiens International Corporation N.V.
SPOK,Spok Holdings Inc
SPPI,Spectrum Pharmaceuticals
SPSC,Sps Commerce
SPTN,Spartan Stores
SPWH,Sportsman'S Warehouse Holdi
SQBG,Sequential Brands Group Inc
SQI,Sciquest Inc
SQNM,Sequenom Inc
SRCE,1St Source Corp
SRDX,Surmodics Inc
SREV,Servicesource International In
SRI,Stoneridge Inc
SRNE,Sorrento Therapeutics
SRPT,Sarepta Therapeutics Inc
SSB,South State Corporation
SSD,Simpson Manufacturing Company
SSE,Seventy Seven Energy Inc
SSI,Stage Stores
SSNI,Silver Spring Networks Inc. Co
SSP,E.W. Scripps Company
SSS,Sovran Self Storage
SSTK,Shutterstock Inc
SSYS,Stratasys Ltd
STAA,Staar Surgical Company
STAG,STI Inc
STAR,Istar Financial Inc
STBA,S&T Bancorp
STBZ,State Bank Finl Corp
STC,Stewart Information Services Corp
STCK,Stock Building Supply Holdings
STE,Steris Corp
STFC,State Auto Financial Corp
STL,Sterling Bancorp
STML,Stemline Therapeutics Inc
STMP,Stamps.Com Inc
STNG,Scorpio Tankers Inc
STOR,Store Capital Corpstore Capital
STRA,Strayer Education
STRP,Straight Path Communications In
STRT,Strattec Security Corp
SUI,Sun Communities
SUM,Summit Materials Inc
SUP,Superior Industries International
SUPN,Supernus Pharmaceuticals Inc
SVU,Supervalu Inc
SWC,Stillwater Mining Company
SWFT,Swift Transportation Company
SWHC,Smith & Wesson Holding Corp
SWM,Schweitzer-Mauduit International
SWX,Southwest Gas Corp
SXC,Suncoke Energy Inc
SXI,Standex International Corp
SXT,Sensient Technologies Corp
SYA,Symetra Financial Corp
SYBT,S.Y. Bancorp
SYKE,Sykes Enterprises Inc
SYNA,Synaptics Inc
SYNT,Syntel Inc
SYRG,Synergy Resources Cp
SYUT,Synutra International
SYX,Systemax Inc
SZMK,Sizmek Inc
SZYM,Solazyme Inc
TAL,Tal International Group
TASR,Taser International
TAST,Carrols Restaurant Group
TAT,Transatlantic Petroleum Ltd
TAX,Jth Holding Inc
TBBK,The Bancorp
TBI,Trueblue Inc
TBK,Triumph Bancorp Inc
TBNK,Territorial Bancorp Inc
TBPH,Theravance Biopharma Inc
TBRA,Tobira Therapeutics Inc
TCBI,Texas Capital Bancshares
TCBK,Trico Bancshares
TCS,The Container Store Group Inc
TDW,Tidewater Inc
TDY,Teledyne Technologies Inc
TECD,Tech Data Corp
TEN,Tenneco Automotive
TESO,Tesco Corp
TFM,The Fresh Market
TG,Tredegar Corp
TGH,Textainer Group Holdings
TGTX,Tg Therapeutics
THFF,First Financial Corporation Indiana
THLD,Threshold Pharmaceuticals
THR,Thermon Group Holdings Inc
THRM,Gentherm Inc
THS,Treehouse Foods
TILE,Interface
TIME,Time Inc. Common Stock When Iss
TIPT,Tiptree Financial Inc
TIS,Orchids Paper Products Company
TISI,Team Inc
TITN,Titan Machinery Inc
TIVO,Tivo Inc
TKAI,Tokai Pharmaceuticals Inc
TLMR,Talmer Bancorp Inc
TLN,Talen Energy Corporation
TLYS,Tilly's Inc
TMH,Team Health Holdings
TMHC,Taylor Morrison Home Corporatio
TMP,Tompkinstrustco
TMST,Timken Steel Corporation Common
TNAV,Telenav Inc
TNC,Tennant Company
TNDM,Tandem Diabetes Care Inc
TNET,Trinet Group Inc
TNGO,Tangoe Inc
TNK,Teekay Tankers Ltd
TOWN,Towne Bank
TOWR,Tower International
TPC,Tutor Perini Corp
TPH,Tri Pointe Homes Inc. Common S
TPLM,Triangle Petroleum Corp
TPRE,Third Point Reinsurance Ltd. Co
TPUB,Tribune Publishing Company Comm
TR,Tootsie Roll Industries
TRC,Tejon Ranch Company
TREC,Trecora Resources
TREE,Tree.Com
TREX,Trex Company
TRK,Speedway Motorsports
TRMK,Trustmark Corp
TRNO,Terreno Realty Corp
TROV,Trovagene Inc
TROX,Tronox Inc
TRR,Trc Companies
TRS,Trimas Corp
TRST,Trustco Bank Corp NY
TRUE,Truecar Inc
TRUP,Trupanion Inc
TRVN,Trevena Inc
TRXC,Transenterix Inc
TSC,Tristate Capital Holdings Inc
TSE,Trinseo S.A.
TSQ,Townsquare Media Llc
TSRA,Tessera Technologies
TSRO,Tesaro Inc
TSYS,Telecommunication Systems
TTEC,Teletech Holdings
TTEK,Tetra Tech
TTGT,Techtarget
TTI,Tetra Technologies
TTMI,TTM Technologies
TTOO,T2 Biosystems Inc
TTPH,Tetraphase Pharmaceuticals Inc
TTS,Tile Shop Holdings Inc
TTWO,Take-Two Interactive Software
TUBE,Tubemogul Inc
TUES,Tuesday Morning
TUMI,Tumi Holdings Inc
TVPT,Travelport Worldwide Ltd
TWI,Titan International
TWIN,Twin Disc Inc
TWOU,2U Inc
TXMD,Therapeuticsmd Inc
TXRH,Texas Roadhouse
TXTR,Textura Corp
TYL,Tyler Technologies
TYPE,Monotype Imaging Holdings Inc
TZOO,Travelzoo Inc
UACL,Universal Truckload Services
UAM,Universal American Financial
UBA,Urstadt Biddle Properties Inc
UBNK,United Financial Bancorp Inc
UBNT,Ubiquiti Networks Inc
UBSH,Union First Market Bankshares Corp
UBSI,United Bankshares
UCBI,United Community Banks
UCFC,United Community Financial
UCTT,Ultra Clean Holdings
UDF,United Development Funding IV
UE,Urban Edge Properties Common Sh
UEC,Uranium Energy
UEIC,Universal Electronics Inc
UFCS,United Fire Group Inc
UFI,Unifi Inc
UFPI,Universal Forest Products
UHT,Universal Health Realty Income Trust
UIHC,United Insurance Hld
UIS,Unisys Corp
ULTR,Ultrapetrol [Bahamas] Ltd
UMBF,UMB Financial Corp
UMH,Umh Properties
UMPQ,Umpqua Holdings Corp
UNF,Unifirst Corp
UNFI,United Natural Foods
UNIS,Unilife Corp
UNT,Unit Corp
UNTD,United Online
UPL,Ultra Petroleum
USAK,USA Truck
USCR,US Concrete
USLM,United States Lime & Minerals
USNA,Usana Health Sciences Inc
USPH,U.S. Physical Therapy
UTEK,Ultratech Inc
UTI,Universal Technical Institute Inc
UTIW,Uti Worldwide Inc
UTL,Unitil Corp
UTMD,Utah Medical Products
UUUU,Energy Fuels Inc
UVE,Universal Insurance Holdings Inc
UVSP,Univest Corporation of Pennsylvania
UVV,Universal Corp
VA,Virgin America Inc
VAC,Marriot Vacations Worldwide Cor
VASC,Vascular Solutions
VCRA,Vocera Communications Inc
VCYT,Veracyte Inc
VDSI,Vasco Data Security International
VEC,Vectrus Inc. Common Stock
VECO,Veeco Instruments Inc
VG,Vonage Holdings
VGR,Vector Group Ltd
VHC,Virnetx Holding Corp
VHI,Valhi Inc
VICR,Vicor Corp
VIRT,Virtu Financial Inc
VISI,Vision Company As
VIVO,Meridian Bioscience Inc
VLGEA,Village Super Market
VLY,Valley National Bancorp
VMEM,Violin Memory Inc
VNCE,Vince Holding Corp. Common Stoc
VNDA,Vanda Pharmaceuticals Inc
VOXX,Audiovox Corp
VPG,Vishay Precision Group
VRA,Vera Bradley
VRNS,Varonis Systems Inc
VRNT,Verint Systems Inc
VRTS,Virtus Investment Partners
VRTU,Virtusa Corp
VRTV,Veritiv Corporation Common Stoc
VSAR,Versartis Inc
VSAT,Viasat Inc
VSEC,VSE Corp
VSH,Vishay Intertechnology
VSI,Vitamin Shoppe Inc
VSLR,Vivint Solar Inc
VSTM,Verastem Inc
VTAE,Vitae Pharmaceuticals Inc
VTL,Vital Therapies Inc
VVI,Viad Corp
VVUS,Vivus Inc
W,Wayfair Inc
WABC,Westamerica Bancorporation
WAC,Walter Investment Management Corp
WAFD,Washington Federal
WAGE,Wageworks Inc
WAIR,Wesco Aircraft Holdings Inc
WAL,Western Alliance Bancorporation
WASH,Washington Trust Bancorp
WBMD,Webmd Health Corp
WBS,Webster Financial Corp
WCG,Wellcare Group
WCIC,Wci Communities Inc
WD,Walker & Dunlop
WDFC,Wd-40 Company
WERN,Werner Enterprises
WETF,Wisdomtree Invstmnts
WEYS,Weyco Group
WGL,WGL Holdings Inc
WGO,Winnebago Industries
WHG,Westwood Holdings Group Inc
WIBC,Wilshire Bancorp
WIFI,Boingo Wireless Inc
WIN,Windstream Holdings Inc
WINA,Winmark Corp
WIRE,Encore Wire Corp
WIX,Wix.Com Ltd
WK,Workiva Llc
WLB,Westmoreland Coal Company
WLH,William Lyon Homes
WMAR,West Marine
WMC,Western Asset Mortgage Capital
WMGI,Wright Medical Group N.V.
WMK,Weis Markets
WMS,Advanced Drainage Systems Inc
WNC,Wabash National Corp
WNR,Western Refining
WOR,Worthington Industries
WPP,Wausau-Mosinee Paper Corp
WRE,Washington Real Estate Investment
WRLD,World Acceptance Corp
WSBC,Wesbanco Inc
WSBF,Waterstone Financial
WSFS,WSFS Financial Corp
WSR,Whitestone REIT
WST,West Pharmaceutical Services
WSTC,West Corp
WTBA,West Bancorporation
WTFC,Wintrust Financial Corp
WTI,W&T Offshore
WTS,Watts Water Technologies
WTW,Weight Watchers International Inc
WWD,Woodward Inc
WWE,World Wrestling Entertainment
WWW,Wolverine World Wide
XBIT,Xbiotech Inc
XCO,Exco Resources NL
XCRA,Xcerra Corp
XENT,Intersect Ent Inc
XHR,Xenia Hotels & Resorts Inc
XLRN,Acceleron Pharma Inc
XNCR,Xencor Inc
XNPT,Xenoport Inc
XOMA,Xoma Ltd
XONE,The Exone Company
XOXO,Xoxo Group Inc
XPO,Express-1 Expedited Solutions
XRM,Xerium Technologies
XXIA,IXIA
YDKN,Yadkin Valley Financial Corp
YORW,The York Water Company
YRCW,YRC Worldwide
ZAGG,Zagg Inc
ZAIS,Zais Group Holdings Inc
ZEN,Zendesk Inc
ZEUS,Olympic Steel
ZFGN,Zafgen Inc
ZGNX,Zogenix Inc
ZINC,Horsehead Holding
ZIOP,Ziopharm Oncology Inc
ZIXI,Zix Corp
ZLTQ,Zeltiq Aesthetics Inc
ZOES,Zoe'S Kitchen Inc
ZUMZ,Zumiez Inc
