CIK,Ticker,Name
1099290,AAC,Aac Holdings Inc
1555074,AAMC,Altisource Asset
1158114,AAOI,Applied Optoelectronics Inc
824142,AAON,Aaon Inc
1500217,AAT,American Assets Trust
Perform another Company-CIK Lookup,AAVL,Avalanche Biotechnologies Inc
0001135185,AAWW,Atlas Air Worldwide Holdings
881890,ABAX,Abaxis Inc
351569,ABCB,Ameris Bancorp
1466815,ABCD,Cambium Learning Group
1157377,ABCO,The Advisory Board Company
885322,ABCW,Anchor Bancorp Wisconsin Inc
0000318306,ABEO,Abeona Therapeutics Inc
1144980,ABG,Asbury Automotive Group Inc
771497,ABM,ABM Industries Incorporated
815094,ABMD,Abiomed
0001601072,ABY,Abengoa Yield Plc
1070494,ACAD,Acadia Pharmaceuticals Inc
719866,ACAT,Arctic Cat Inc
0000712034,ACCO,Acco Brands Corp
2034,ACET,Aceto Corp
1070336,ACHN,Achillion Pharmaceuticals
935036,ACIW,Aci Worldwide
1113232,ACLS,Axcelis Technologies
1008848,ACOR,Acorda Therapeutics
1529377,ACRE,Ares Commercial Real Estate Cor
Perform another Company-CIK Lookup,ACTA,Actua Corporation
934549,ACTG,Acacia Research Corp
817979,ACW,Accuride Corporation
733269,ACXM,Acxiom Corp
917251,ADC,Agree Realty Corp
0001328143,ADMS,Adamas Pharmaceuticals Inc
709804,ADPT,Adeptus Health Inc
Perform another Company-CIK Lookup,ADRO,Aduro Biotech Inc
926282,ADTN,Adtran Inc
1468328,ADUS,Addus Homecare Corp
1100397,ADXS,Advaxis Inc
2178,AE,Adams Resources & Energy
1039160,AEGN,Aegoin Corp
1338042,AEGR,Aegerion Pharmaceuticals
927003,AEIS,Advanced Energy Industries
1039828,AEL,American Equity Investment Life
919012,AEO,American Eagle Outfitters
785787,AEPI,AEP Industries Inc
1337553,AERI,Aerie Pharmaceuticals Inc
910322,AF,Astoria Financial Corp
799231,AFAM,Almost Family Inc
913077,AFFX,Affymetrix
1539894,AFH,Atlas Financial Holdings Inc
0001608390,AFMD,Affimed Therapeutics B.V
1122342,AFOP,Alliance Fiber Optic Products
1098972,AGEN,Agenus Inc
1091748,AGII,Argo Group International Holdings Ltd
845877,AGM,Federal Agricultural Mortgage Corp
1139029,AGRX,Agile Therapeutics Inc
0001273636,AGTC,Applied Genetic Technologies Co
100591,AGX,Argan Inc
78749,AGYS,Agilysys Inc
1569187,AHH,Armada Hoffler Properties Inc
1574085,AHP,Ashford Hospitality Prime Inc
1142750,AHS,Amn Healthcare Services Inc
1232582,AHT,Ashford Hospitality Trust Inc
0001209028,AI,Arlington Asset Investment Corp
1374535,AIMC,Altra Holdings
819793,AIN,Albany International Corp
Perform another Company-CIK Lookup,AINC,Ashford Inc. Common Stock
817135,AIQ,Alliance Healthcare Services
1135185,AIR,AAR Corp
816159,AIRM,Air Methods Corp
109563,AIT,Applied Industrial Technologies
0000040888,AJRD,Gencorp Inc
0001614806,AJX,Great Ajax Corp
Perform another Company-CIK Lookup,AKBA,Akebia Therapeutics Inc
899629,AKR,Acadia Realty Trust
918160,AKS,AK Steel Holding Corp
3545,ALCO,Alico Inc
0001423824,ALDR,Alder Biopharmaceuticals Inc
66756,ALE,Allete Inc
1545654,ALEX,Alexander and Baldwin Inc
897077,ALG,Alamo Group
1362468,ALGT,Allegiant Travel Company
1267602,ALIM,Alimera Sciences
1325955,ALJ,Alon USA Energy
6284,ALOG,Analogic Corp
3499,ALX,Alexander's Inc
792977,AMAG,Amag Pharmaceuticals
1280263,AMBA,Ambarella Inc
0000874501,AMBC,Ambac Financial Group Inc
Perform another Company-CIK Lookup,AMBR,Amber Road Inc
1411579,AMC,Amc Entertainment Holdings Inc
711065,AMCC,Applied Micro Circuits Corp
2488,AMD,Advanced Micro Devices
896262,AMED,Amedisys Inc
1361566,AMKR,Amkor Technology
771944,AMNB,American National Bankshares
46129,AMOT,Allied Motion Technologies
724024,AMPH,Amphastar Pharmaceuticals Inc
1488139,AMRC,Ameresco Inc
1065087,AMRI,Albany Molecular Research
1018979,AMSF,Amerisafe Inc
895930,AMSG,Amsurg Corp
713425,AMSWA,American Software
1515980,AMTG,Apollo Residential Mortgage In
794619,AMWD,American Woodmark Corp
1411158,ANAC,Anacor Pharmaceuticals
1176316,ANCX,Access National Corp
821026,ANDE,The Andersons
1018840,ANF,Abercrombie & Fitch Company
1491778,ANGI,Angie's List Inc
1275187,ANGO,Angiodynamics
1047884,ANH,Anworth Mortgage Asset Corp
898437,ANIK,Anika Therapeutics Inc
1023024,ANIP,ANI Pharmaceuticals Inc
1316175,ANTH,Anthera Pharmaceuticals
1387467,AOSL,Alpha and Omega Semiconductor
1201792,APEI,American Public Education
0001324772,APIC,Apigee Corp
6845,APOG,Apogee Enterprises
929887,APOL,Apollo Group
Perform another Company-CIK Lookup,APPS,Digital Turbine Inc
1481832,APTS,Preferred Apartment Communities
1138723,ARAY,Accuray Incorporated
1305168,ARC,American Reprographics Company
0000894405,ARCB,Arcbest Corp
Perform another Company-CIK Lookup,ARDX,Ardelyx Inc
1405073,AREX,Approach Resources Inc
1467760,ARI,Apollo Commercial Real Estate
884731,ARIA,Ariad Pharmaceuticals
1344596,ARII,American Railcar Industries
1080709,ARNA,Arena Pharmaceuticals
717538,AROW,Arrow Financial Corp
1548981,ARPI,American Residential Properties
1428205,ARR,Armour Residential R
1100412,ARRY,Array Biopharma Inc
863110,ARTNA,Artesian Resources Corp
879407,ARWR,Arrowhead Research Corp
0001577437,ASC,Ardmore Shipping Corp
1437106,ASCMA,Ascent Media Corp
5768,ASEI,American Science and Engineering
890564,ASGN,On Assignment
Perform another Company-CIK Lookup,ASMB,Assembly Biosciences Inc
1498301,ASNA,Ascena Retail Group
1462418,ASPS,Altisource Portfolio Solutions S.A.
Perform another Company-CIK Lookup,AST,Asterias Biotherapeutics Inc
792987,ASTE,Astec Industries
1419242,AT,Atlantic Power Corp
Perform another Company-CIK Lookup,ATEN,A10 Networks Inc
1132651,ATLO,Ames National Corp
879585,ATNI,Atlantic Tele-Network
Perform another Company-CIK Lookup,ATRA,Atara Biotherapeutics Inc
1323885,ATRC,Atricure
701288,ATRI,Atrion Corp
8063,ATRO,Astronics Corp
1139650,ATRS,Antares Pharma
894081,ATSG,Air Transport Services Group Inc
6955,ATU,Actuant Corp
8411,ATW,Atwood Oceanics
104918,AVA,Avista Corp
1368622,AVAV,Aerovironment
5981,AVD,American Vanguard Corp
1528903,AVG,Avg Technologies N.V.
39677,AVHI,Av Homes Inc
896841,AVID,Avid Technology
859163,AVX,Avx Corp
1056903,AWR,American States Water Company
867665,AXAS,Abraxas Petroleum Corp
727207,AXDX,Accelerate Diagnostics Inc
52795,AXE,Anixter International Inc
1062231,AXL,American Axle & Manufacturing
805264,AXLL,Georgia Gulf Corp
1362988,AYR,Aircastle Ltd
929940,AZPN,Aspen Technology
8947,AZZ,Azz Inc
9984,B,Barnes Group
878526,BABY,Natus Medical Inc
1169770,BANC,First Pactrust Bancorp
760498,BANF,Bancfirst Corp
946673,BANR,Banner Corp
1109189,BAS,Basic Energy Services
1128361,BBCN,Bbcn Bancorp Inc
1172139,BBG,Bill Barrett Corp
849547,BBOX,Black Box Corp
1495479,BBRG,Bravo Brio Restaurant Group
902791,BBSI,Barrett Business Services
1113809,BBW,Build-A-Bear Workshop
921768,BBX,Bankatlantic Bancorp
1328581,BCC,Boise Cascade L.L.C. Common ST
1509589,BCEI,Bonanza Creek Energy Inc
78890,BCO,Brink's Company
Perform another Company-CIK Lookup,BCOR,Blucora Inc
1313275,BCOV,Brightcove Inc
9326,BCPC,Balchem Corp
882796,BCRX,Biocryst Pharmaceuticals
913142,BDC,Belden Inc
1304069,BDE,Black Diamond
846617,BDGE,Bridge Bancorp
1103021,BDSI,Biodelivery Sciences International
1574774,BEAT,Cardionet
1059272,BEBE,Bebe Stores
1124941,BECN,Beacon Roofing Supply
0001115836,BEL,Belmond Ltd
729580,BELFB,Bel Fuse Inc
1378992,BERY,Berry Plastics Group Inc
1437578,BFAM,Bright Horizons Family Solutions Inc
1303942,BFIN,Bankfinancial Corp
907254,BFS,Saul Centers
886035,BGC,General Cable Corp
1382519,BGCP,Bgc Partners
1156388,BGFV,Big 5 Sporting Goods Corp
14195,BGG,Briggs & Stratton Corp
0001278027,BGS,B&G Foods Holdings
0000093859,BH,Biglari Holdings Inc
889608,BHB,Bar Harbor Bankshares
Perform another Company-CIK Lookup,BHBK,Blue Hills Bancorp Inc
863436,BHE,Benchmark Electronics
1108134,BHLB,Berkshire Hills Bancorp
823094,BID,Sotheby's Holdings
768835,BIG,Big Lots
1014739,BIOS,Bioscrip Inc
1013488,BJRI,Bj's Restaurants
885245,BKE,Buckle Inc
1130464,BKH,Black Hills Corp
1123270,BKMU,Bank Mutual Corp
890491,BKS,Barnes & Noble
0000889469,BLBD,Blue Bird Corp
0001358403,BLCM,Bellicum Pharmaceuticals Inc
1316835,BLDR,Builders Firstsource
1280058,BLKB,Blackbaud Inc
1546417,BLMN,Bloomin' Brands Inc
1522420,BLMT,Bsb Bancorp Inc
1223862,BLOX,Infoblox Inc
1001606,BLT,Blount International
Perform another Company-CIK Lookup,BLX,Banco Latinoamericano De Comercio
9092,BMI,Badger Meter
1403475,BMRC,Bank of Marin Bancorp
802681,BMTC,Bryn Mawr Bank Corp
1378020,BNCL,Beneficial Mutual Bancorp
1210227,BNCN,BNC Bancorp
1576169,BNFT,Benefitfocus Inc
1304994,BNK,C1 Financial Inc
33769,BOBE,Bob Evans Farms
1299709,BOFI,Bofi Holding
Perform another Company-CIK Lookup,BOJA,Bojangles' Inc
919443,BOOT,Boot Barn Holdings Inc
1487999,BOX,Box Inc
821127,BPFH,Boston Private Financial Holdings
1305323,BPI,Bridgepoint Education
0001597264,BPMC,Blueprint Medicines Corp
746598,BRC,Brady Corp
892222,BREW,Craft Brewers Alliance Inc
0001442626,BRG,Bluerock Residential Growth Rei
1049782,BRKL,Brookline Bancorp
933974,BRKS,Brooks Automation
73887,BRS,Bristow Group Inc
1533526,BRSS,Global Brass and Copper Holdin
10329,BSET,Bassett Furniture Industries Inc
Perform another Company-CIK Lookup,BSF,Bear State Financial Inc
1086909,BSFT,Broadsoft Inc
1130144,BSRR,Sierra Bancorp
875622,BSTC,Biospecifics Technologies Corp
1064728,BTU,Peabody Energy Corp
876343,BTX,Biotime Inc
1579298,BURL,Burlington Stores Inc
314489,BUSE,First Busey Corp
1330421,BV,Bazaarvoice Inc
9346,BWINB,Baldwin & Lyons
1062449,BWLD,Buffalo Wild Wings
701853,BXS,Bancorpsouth Inc
906553,BYD,Boyd Gaming Corp
915840,BZH,Beazer Homes USA
750686,CAC,Camden National Corp
865911,CACB,Cascade Bancorp
16058,CACI,Caci International
1575879,CACQ,Caesars Acquisition Company
887596,CAKE,The Cheesecake Factory Inc
319687,CAL,Caleres Inc
822665,CALA,Calithera Biosciences Inc
1035748,CALD,Callidus Software
16160,CALM,Cal-Maine Foods
1406666,CALX,Calix Inc
730255,CAMP,Calamp Corp
1346830,CARA,Cara Therapeutics Inc
1340127,CARB,Carbonite Inc
907471,CASH,Meta Financial Group
708781,CASS,Cass Information Systems Inc
726958,CASY,Caseys General Stores
1277856,CATM,Cardtronics Inc
18255,CATO,Cato Corp
861842,CATY,Cathay General Bancorp
1175609,CAVM,Cavium Inc
716133,CBB,Cincinnati Bell Inc
1479750,CBF,Capital Bank Financial Corp
883943,CBK,Christopher & Banks Corp
840081,CBM,Cambrex Corp
1378624,CBMG,Cellular Biomedicine Group Inc
0001592480,CBPX,Continental Building Products
918581,CBR,Ciber Inc
1067294,CBRL,Cracker Barrel Old Country Store
723188,CBU,Community Bank System
Perform another Company-CIK Lookup,CBYL,Carbylan Therapeutics Inc
1062780,CBZ,Cbiz Inc
726601,CCBG,Capital City Bank Group
812701,CCC,Calgon Carbon Corp
830524,CCF,Chase Corp
1490983,CCG,Campus Crest Communities
1102934,CCMP,Cabot Microelectronics Corp
736772,CCNE,Cnb Financial Corp
1158324,CCOI,Cogent Communications Group
1141103,CCRN,Cross Country Healthcare
Perform another Company-CIK Lookup,CCS,Century Communities Inc
1340652,CCXI,Chemocentryx Inc
215466,CDE,Coeur Mining Inc
18396,CDI,Cdi Corp
761648,CDR,Cedar Shopping Centers Inc
0001613011,CDRB,Code Rebel Corp
Perform another Company-CIK Lookup,CDTX,Cidara Therapeutics Inc
Perform another Company-CIK Lookup,CEB,The Corporate Executive Board Company
3197,CECE,Ceco Environmental
1046568,CECO,Career Education Corp
1461993,CEMP,Cempra Inc
0000887733,CENTA,Central Garden & Pet Company
949157,CENX,Century Aluminum Company
1020214,CERS,Cerus Corp
925645,CETV,Central European Media Enterprises
1173489,CEVA,Ceva Inc
1490906,CFFN,Capitol Federal Financial
723603,CFI,Culp Inc
1060523,CFNL,Cardinal Financial Corp
865941,CGI,Celadon Group
726854,CHCO,City Holding Company
20212,CHDN,Churchill Downs Inc
19584,CHE,Chemed Inc
1517175,CHEF,The Chefs' Warehouse Inc
19612,CHFC,Chemical Financial Corp
1478726,CHFN,Charter Financial
1364954,CHGG,Chegg Inc
844161,CHKE,Cherokee Inc
1091862,CHMT,Chemtura Corp
19353,CHRS,Coherus Biosciences Inc
897429,CHS,Chico's Fas
1473078,CHSP,Chesapeake Lodging Trust
1524931,CHUY,Chuy's Holding Inc
24090,CIA,Citizens Inc
936395,CIEN,Ciena Corp
1313918,CIFC,Cifc Corp
1091883,CIR,Circor International
Perform another Company-CIK Lookup,CIVI,Civitas Solutions Inc
1509273,CJES,C&J Energy Services Inc
799088,CKEC,Carmike Cinemas
859598,CKH,Seacor Smit Inc
215419,CKP,Checkpoint Systms
20740,CLC,Clarcor Inc
1089143,CLCT,Collectors Universe
1441849,CLD,Cloud Peak Energy Inc
1476045,CLDT,Chatham Lodging Trust [Reit]
0001286517,CLDX,Celldex Therapeutics Inc
764065,CLF,Cliffs Natural Resources Inc
796505,CLFD,Clearfield
924901,CLI,Mack-Cali Realty Corp
1299033,CLMS,Calamos Asset Management
1368265,CLNE,Clean Energy Fuels
1467076,CLNY,Colony Financial Inc
1466301,CLVS,Clovis Oncology Inc
1441236,CLW,Clearwater Paper Corp
22444,CMC,Commercial Metals Company
1005229,CMCO,Columbus Mckinnon Corp
1058623,CMLS,Cumulus Media Inc
19446,CMN,Cantel Medical
766701,CMO,Capstead Mortgage Corp
0001262976,CMPR,Cimpress N.V.
1117480,CMRX,Chimerix Inc
1026655,CMT,Core Molding Technologies Inc
23197,CMTL,Comtech Telecommunications
812348,CNBKA,Century Bancorp
0001367920,CNCE,Concert Pharmaceuticals Inc
1089819,CNL,Cleco Power Llc
816956,CNMD,Conmed Corp
1224608,CNO,Cno Financial Group
1462694,CNOB,Connectone Bancorp Inc
1284812,CNS,Cohn & Steers Inc
1304421,CNSL,Consolidated Communications Holdings
0001211759,CNXR,Connecture Inc
764811,COB,Community One Bancorp
1028734,COBZ,Cobiz Financial Inc
21510,COHR,Coherent Inc
21535,COHU,Cohu Inc
317540,COKE,Coca-Cola Bottling Co. Consolidated
887343,COLB,Columbia Banking System
21759,COLL,Collegium Pharmaceutical Inc
1050797,COLM,Columbia Sportswear Company
1553023,CONE,Cyrusone Inc
1223389,CONN,Conn's Inc
1490892,COR,Coresite Realty Corp
1318084,CORE,Core-Mark Holding Company
1041403,CORI,Corium International Inc
1347652,CORR,Corenergy Infrastructure Trust Inc
1088856,CORT,Corcept Therapeutics Inc
1466538,COWN,Cowen Group
928022,CPE,Callon Petroleum Company
701347,CPF,Central Pacific Financial Co
1037760,CPHD,Cepheid
19745,CPK,Chesapeake Utilities Corp
1104349,CPLA,Capella Education Company
1369568,CPRX,Catalyst Pharmaceutical Partners
1320461,CPS,Cooper Std Hldg Inc
1169445,CPSI,Computer Programs and Systems
1053706,CRAI,Cra Internationalinc
949158,CRAY,Cray Inc
1412270,CRCM,Care.Com Inc
Perform another Company-CIK Lookup,CRD.B,Crawford Co Cl B
1108205,CRIS,Curis Inc
1410098,CRMD,Cormedix Inc
799850,CRMT,America's Car-Mart
1334036,CROX,Crocs Inc
1009672,CRR,Carbo Ceramics
17843,CRS,Carpenter Technology Corp
772406,CRUS,Cirrus Logic
874866,CRVL,Corvel Corp
1103837,CRWN,Crown Media Holdings
784199,CRY,Cryolife
1040593,CRZO,Carrizo Oil & Gas
1240581,CSBK,Clifton Savings Bancorp
864559,CSCD,Cascade Microtech
1102266,CSFL,Centerstate Banks
1005757,CSGS,Csg Systems International
807884,CSH,Cash America International
1222929,CSII,Cardiovascular Systems
Perform another Company-CIK Lookup,CSLT,Castlight Health Inc
1401680,CSOD,Cornerstone Ondemand Inc
20629,CSS,Css Industries
1043000,CSU,Capital Senior Living Corp
1016281,CSV,Carriage Services
24491,CTB,Cooper Tire & Rubber Company
350852,CTBI,Community Trust Bancorp
1405277,CTCT,Constant Contact
891293,CTIC,Cell Therapeutics
Perform another Company-CIK Lookup,CTLT,Catalent Inc
23795,CTO,Consolidated-Tomoka Land Co
Perform another Company-CIK Lookup,CTRE,Caretrust REIT Inc
1259515,CTRL,Control4 Corp
1318484,CTRN,Citi Trends
26058,CTS,Cts Corp
1341141,CTT,Catchmark Timber Trust Inc
276209,CTWS,Connecticut Water Service
26076,CUB,Cubic Corp
1298675,CUBE,Cubesmart
1488813,CUBI,Customers Bancorp
1348334,CUDA,Barracuda Networks Inc
1543643,CUNB,California United Bk
1162461,CUTR,Cutera Inc
25232,CUZ,Cousins Properties Inc
354647,CVBF,Cvb Financial Corp
278166,CVCO,Cavco Industries
Perform another Company-CIK Lookup,CVEO,Civeo Corporation Common Stock
1062047,CVG,Convergys Corp
1290900,CVGI,Commercial Vehicle Group
1133470,CVGW,Calavo Growers
1169561,CVLT,Commvault Systems
Perform another Company-CIK Lookup,CVRS,Corindus Vascular Robotics Inc
1122897,CVT,Cvent Inc
928658,CVTI,Covenant Transportation Group
26324,CW,Curtiss-Wright Corp
928340,CWCO,Consolidated Water Co. Ltd
880115,CWEI,Clayton Williams Energy
911177,CWST,Casella Waste Systems
1035201,CWT,California Water Service Group Holding
885306,CYNO,Cynosure Inc
1396446,CYS,Cys Investments Inc
1061983,CYTK,Cytokinetics Inc
799698,CYTR,Cytrx Corp
810958,CZNC,Citizens & Northern Corp
1070794,CZR,Caesars Entertainment Corporati
915779,DAKT,Daktronics
26780,DAN,Dana Holding Corp
916540,DAR,Darling International Inc
28823,DBD,Diebold Inc
30305,DCO,Ducommun Inc
1005409,DCOM,Dime Community Bancshares
1170991,DCT,Dct Industrial Trust Inc
0001622194,DEA,Easterly Government Properties
910521,DECK,Deckers Outdoor Corp
1022469,DEL,Deltic Timber Corp
852772,DENN,Denny's Corp
1005201,DEPO,Depomed Inc
Perform another Company-CIK Lookup,DERM,Dermira Inc
931336,DF,Dean Foods Company
1415301,DFRG,Del Frisco's Restaurant Group Llc
1407739,DFT,Dupont Fabros Technology
1208208,DGI,Digitalglobe Inc
800457,DGICA,Donegal Group
854775,DGII,Digi International Inc
909108,DHIL,Diamond Hill Investment Group
0001331284,DHT,Dht Holdings
1393883,DHX,Dice Holdings
49754,DIN,Dineequity Inc
29002,DIOD,Diodes Inc
783412,DJCO,Daily Journal Corp. [S.C.]
1351541,DK,Delek US Holdings
27996,DLX,Deluxe Corp
1320947,DMND,Diamond Foods
1438231,DMRC,Digimarc Corp
1574540,DOC,Physicians Realty Trust
893691,DOOR,Masonite Wrldwde Hld
868780,DORM,Dorman Products
Perform another Company-CIK Lookup,DPLO,Dplo
1298946,DRH,Diamondrock Hospitality Company
1566897,DRII,Diamond Resorts International
1399529,DRNA,Dicerna Pharmaceuticals Inc
1082038,DRRX,Durect Corp
915778,DSPG,DSP Group
1056923,DTLK,Datalink Corp
1226308,DTSI,DTS Inc
730464,DV,Devry Inc
1029142,DVAX,Dynavax Technologies Corp
763744,DW,Drew Industries Inc
1297401,DWA,Dreamworks Animation Skg
1301031,DWRE,Demandware Inc
826675,DX,Dynex Capital
Perform another Company-CIK Lookup,DXLG,Destination XL Inc.
1020710,DXPE,Dxp Enterprises
67215,DY,Dycom Industries
907562,DYAX,Dyax Corp
1379895,DYN,Dynegy Inc
33002,EBF,Ennis Inc
814549,EBIX,Ebix Inc
1367644,EBS,Emergent Biosolutions
1411974,EBSB,Meridian Interstate Bancorp
1018399,EBTC,Enterprise Bancorp Inc
1426945,ECHO,Echo Global Logistics
742126,ECOL,US Ecology
1169652,ECOM,Channeladvisor Corp
1084961,ECPG,Encore Capital Group Inc
1300317,ECR,Eclipse Resources Corp
1235007,ECYT,Endocyte Inc
32689,EDE,Empire District Electric Company
1302343,EDR,Education Realty Trust Inc
31978,EE,El Paso Electric Company
1029199,EEFT,Euronet Worldwide
867374,EFII,Electronics For Imaging
1025835,EFSC,Enterprise Financial Services Corp
1050441,EGBN,Eagle Bancorp
1023731,EGHT,8X8 Inc
1544229,EGL,Engility Holdings Inc. Common
1322439,EGLE,Eagle Bulk Shipping Inc
1065332,EGOV,Nic Inc
49600,EGP,Eastgroup Properties
0000827871,EGRX,Eagle Pharmaceuticals Inc
1333493,EHTH,Ehealth Inc
1379041,EIG,Employers Holdings Inc
1237746,EIGI,Endurance International Group H
1013606,ELGX,Endologix Inc
1122388,ELLI,Ellie Mae Inc
1102541,ELNK,Earthlink Inc
32166,ELRC,Electro Rent Corp
837465,ELY,Callaway Golf Company
356130,EMCI,EMC Insurance Group
930835,EME,Emcor Group
808326,EMKR,Emcore Corp
1244937,ENOC,Enernoc Inc
1463101,ENPH,Enphase Energy Inc
1289308,ENS,Enersys Inc
1125376,ENSG,The Ensign Group
1512077,ENT,Global Eagle Entertainment Inc
1177648,ENTA,Enanta Pharmaceuticals Inc
1101302,ENTG,Entegris Inc
0001374128,ENTL,Entellus Medical Inc
1337619,ENV,Envestnet Inc
Perform another Company-CIK Lookup,ENVA,Enova International Inc. Commo
1352010,EPAM,Epam Systems Inc
1073349,EPAY,Bottomline Technologies
1027207,EPIQ,Epiq Systems
1006655,EPM,Evolution Petroleum Corp
1045450,EPR,Entertainment Properties Trust
1571498,EPZM,Epizyme Inc
1042810,EQY,Equity One
1525221,ERA,Era Group Inc. Common Stock W
854852,ERI,Eldorado Resorts Inc
0001402281,ERN,Erin Energy Corp
0001532981,EROS,Eros International Plc
33488,ESCA,Escalade Inc
866706,ESE,Esco Technologies Inc
1363829,ESGR,Enstar Group Ltd
33619,ESL,Esterline Technologies Corp
0000355999,ESND,Essendant Inc
1448893,ESNT,Essent Group Ltd
1434868,ESPR,Esperion Therapeutics Inc
0000010254,ESTE,Earthstone Energy
896156,ETH,Ethan Allen Interiors Inc
1067837,ETM,Entercom Communications Corp
0001370637,ETSY,Etsy Inc
1109116,EVC,Entravision Communications Corp
Perform another Company-CIK Lookup,EVDY,Everyday Health Inc
1502749,EVER,Everbank Financial Corp
0000870826,EVLV,Evine Live Inc
1360901,EVR,Evercore Partners Inc
1559865,EVTC,Evertec Inc. Common Stock
913165,EXAC,Exactech Inc
1498021,EXAM,Examworks Group
753568,EXAR,Exar Corp
1124140,EXAS,Exact Sciences Corp
939767,EXEL,Exelixis Inc
1297989,EXLS,Exlservice Holdings
851520,EXPO,Exponent Inc
1483510,EXPR,Express Inc
1078271,EXTR,Extreme Networks
1343719,EXXI,Energy Xxi [Bermuda] Ltd
0001266806,EYES,Second Sight Medical Products
876523,EZPW,Ezcorp Inc
1472787,FAF,First American Corp
34563,FARM,Farmer Brothers Company
917491,FARO,Faro Technologies
1033012,FBC,Flagstar Bancorp
1521951,FBIZ,First Business Financial Services
811589,FBNC,First Bancorp
1511198,FBNK,First Connecticut Bancorp Inc
1057706,FBP,First Bancorp
886206,FC,Franklin Covey Company
1027280,FCB,Fcb Financial Holdings Inc
859070,FCBC,First Community Bancshares
886128,FCEL,Fuelcell Energy
712537,FCF,First Commonwealth Financial Corp
840489,FCFS,First Cash Financial Services
923603,FCH,Felcor Lodging Trust Inc
887936,FCN,Fti Consulting
798941,FCNCA,First Citizens Bancshares
1036960,FCS,Fairchild Semiconductor International
831246,FCSC,Fibrocell Science
946647,FDEF,First Defiance Financial
1419581,FDML,Federal-Mogul Corp
1047340,FDP,Fresh Del Monte Produce
914329,FEIC,Fei Company
38725,FELE,Franklin Electric Co
Perform another Company-CIK Lookup,FENX,Fenix Parts Inc
1401257,FET,Forum Energy Technologies Inc
1337298,FF,Futurefuel Corp
708955,FFBC,First Financial Bancorp
1012771,FFG,Fbl Financial Group
923139,FFIC,Flushing Financial Corp
36029,FFIN,First Financial Bankshares
713095,FFKT,Farmers Capital Bank Corp
0000921299,FGEN,Fibrogen Inc
1585064,FGL,Fidelity & Guaranty
860413,FIBK,First Interstate Bancsystem
814547,FICO,Fair Isaac and Company Inc
886137,FINL,The Finish Line
862831,FISI,Financial Institutions
1177609,FIVE,Five Below Inc
Perform another Company-CIK Lookup,FIVN,Five9 Inc
1035983,FIX,Comfort Systems USA
69891,FIZZ,National Beverage
1162194,FLDM,Fluidigm Corp
740663,FLIC,The First of Long Island Corp
Perform another Company-CIK Lookup,FLKS,Flex Pharma Inc
1526160,FLTX,Fleetmatics Group Plc
1084869,FLWS,1-800 Flowers.Com
0001419600,FLXN,Flexion Therapeutics Inc
37472,FLXS,Flexsteel Industries
702325,FMBI,First Midwest Bancorp
354869,FMER,Firstmerit Corp
1488613,FMI,Foundation Medicine Inc
0001010858,FMSA,Fmsa Holdings Inc
1408710,FN,Fabrinet
37808,FNB,F.N.B. Corp
Perform another Company-CIK Lookup,FNBC,First Nbc Bank Holding Company
Perform another Company-CIK Lookup,FNFV,Fnfv Group of Fidelity National
1430592,FNGN,Financial Engines
1069996,FNHC,Federated National Holding Company
765207,FNLC,First Bancorp Inc [Me]
1094739,FNSR,Finisar Corp
35214,FOE,Ferro Corp
1178879,FOLD,Amicus Therapeutics
0001606645,FOMX,Foamix Pharmaceuticals Ltd
0001406587,FOR,Forestar Group Inc
1039399,FORM,Formfactor
1023313,FORR,Forrester Research
1424929,FOXF,Fox Factory Holding Corp
1254595,FPO,First Potomac Realty Trust
1175505,FPRX,Five Prime Therapeutics Inc
921825,FR,First Industrial Realty Trust
1399935,FRAN,Francesca's Holdings Corporatio
724571,FRED,Fred's Inc
1534992,FRGI,Fiesta Restaurant Group Inc
54441,FRM,Furmanite Corp
712534,FRME,First Merchants Corp
0000913290,FRO,Frontline Ltd
1062613,FRP,Fairpoint Communications
Perform another Company-CIK Lookup,FRPH,Frp Holdings Inc
1032863,FRPT,Freshpet Inc
1135431,FRSH,Papa Murphys Holdings Inc
0001611988,FSAM,Fifth Street Asset Management I
0001407067,FSB,Franklin Financial Network Inc
1031316,FSP,Franklin Street Properties
277509,FSS,Federal Signal Corp
352825,FSTR,L.B. Foster Company
1575360,FTD,Ftd Companies Inc
928054,FTK,Flotek Industries
1477200,FUEL,Rocket Fuel Inc
39368,FUL,H. B. Fuller Company
700564,FULT,Fulton Financial Corp
1159281,FVE,Five Star Quality Care
1555492,FWM,Fairway Group Holdings Corp
912728,FWRD,Forward Air Corp
1485176,FXCB,Fox Chase Bancorp
714395,GABC,German American Bancorp
1390478,GALE,Galena Biopharma
1114483,GB,Greatbatch
868671,GBCI,Glacier Bancorp
1060349,GBL,Gamco Investors
1494904,GBLI,Global Indemnity Plc
1324410,GBNK,Guaranty Bancorp
923120,GBX,Greenbrier Companies
1444363,GCAP,Gain Capital Holdings
18498,GCO,Genesco Inc
1386278,GDOT,Green Dot Corp
43920,GEF,Greif Bros. Corp
1126294,GEN,Genesis Healthcare Inc
0000923796,GEO,Geo Group Inc
0001001115,GEOS,Oyo Geospace Corp
886744,GERN,Geron Corp
912463,GES,Guess Inc
50725,GFF,Griffon Corp
1131324,GHDX,Genomic Health
1282977,GHL,Greenhill & Co. Inc
716314,GHM,Graham Corp
821002,GIII,G-III Apparel Group
1484504,GIMO,Gigamon Inc
39648,GK,G&K Services
1372020,GLDD,Great Lakes Dredge & Dock Corp
1030749,GLF,Gulfmark Offshore
1009463,GLOB,Globant S.A.
0001534126,GLOG,Gaslog Ltd
1385613,GLRE,Greenlight Capital Re
41719,GLT,Glatfelter
1366246,GLUU,Glu Mobile Inc
1237831,GMED,Globus Medical Inc
0001387829,GNBC,Green Bancorp Inc
0001457612,GNCA,Genocea Biosciences Inc
808461,GNCMA,General Communication
1528356,GNE,Genie Energy Ltd. Class B Commo
1487371,GNMK,Genmark Diagnostics
1474735,GNRC,Generac Holdings Inc
0001029145,GOGL,Golden Ocean Group Ltd
1537054,GOGO,Gogo Inc
1234006,GOOD,Gladstone Commercial Corp
1456772,GOV,Government Properties Income Trust
1031203,GPI,Group 1 Automotive
1309402,GPRE,Green Plains Renewable Energy
911935,GPT,Gramercy Property Trust
70415,GPX,Gp Strategies Corp
Perform another Company-CIK Lookup,GRBK,Green Brick Partners Inc
42682,GRC,Gorman-Rupp Company
0001594109,GRUB,Grubhub Inc
1366868,GSAT,Globalstar
854560,GSBC,Great Southern Bancorp
1076930,GSIG,Gsi Group Inc
1383571,GSM,Globe Specialty Metals Inc
1431372,GST,Gastar Exploration
0000892553,GTLS,Chart Industries
43196,GTN,Gray Television
1171662,GTS,Triple-S Management Corp
Perform another Company-CIK Lookup,GTT,Global Telcom & Technology Inc
1052752,GTY,Getty Realty Corp
1375557,GUID,Guidance Software
861459,GVA,Granite Construction Inc
1088586,GWB,Great Western Bancorp Inc
1528396,GWRE,Guidewire Software Inc. Common
1172222,HA,Hawaiian Holdings
Perform another Company-CIK Lookup,HABT,The Habit Restaurants Inc
313143,HAE,Haemonetics Corp
1109242,HAFC,Hanmi Financial Corp
819913,HALL,Hallmark Financial Services
1159036,HALO,Halozyme Therapeutics
1561894,HASI,Hannon Armstrong Sustainable In
1452384,HAWK,Blackhawk Network Holdings Inc
0000858655,HAYN,Haynes International
750577,HBHC,Hancock Holding Company
1123494,HBIO,Harvard Bioscience
706129,HBNC,Horizon Bancorp [In]
1403431,HCCI,Heritage-Crystal Clean
Perform another Company-CIK Lookup,HCHC,Hc2 Holdings Inc
1400810,HCI,Homeowners Choice
Perform another Company-CIK Lookup,HCKT,The Hackett Group
1487986,HCOM,Hawaiian Telcom Hold
731012,HCSG,Healthcare Services Group
1347006,HDP,Hortonworks Inc
1339605,HEES,H&E Equipment Services
46619,HEI,Heico Corp
Perform another Company-CIK Lookup,HEI.A,Heico Cp Cl A
916789,HELE,Helen of Troy Ltd
921547,HEOP,Heritage Oaks Bancorp
1380509,HF,HFF Inc
1046025,HFWA,Heritage Financial Corp
722723,HGR,Hanger Orthopedic Group
45919,HHS,Harte-Hanks
1417398,HI,Hillenbrand Inc
1017480,HIBB,Hibbett Sports
Perform another Company-CIK Lookup,HIFR,Infrareit Inc
Perform another Company-CIK Lookup,HIFS,Hingham Institution For Savings
1287808,HIL,Hill International
0001372414,HIVE,Aerohive Networks Inc
921082,HIW,Highwoods Properties
1282648,HK,Halcon Resources
719413,HL,Hecla Mining Company
851310,HLIT,Harmonic Inc
785161,HLS,Healthsouth Corp
1009575,HLTH,Nobilis Health Corp
0000866829,HLX,Helix Energy Solutions Group
1580156,HMHC,Houghton Mifflin Harcourt C
850141,HMN,Horace Mann Educators Corp
1143155,HMPR,Hampton Roads Bankshares Inc
1518715,HMST,Homestreet Inc
1196501,HMSY,Hms Holdings Corp
1567345,HMTV,Hemisphere Media
0000106618,HNH,Handy & Harman Ltd
48287,HNI,Hon Industries Inc
788965,HNRG,Hallador Energy Company
1077688,HOFT,Hooker Furniture Corp
1331520,HOMB,Home Bancshares
1131227,HOS,Hornbeck Offshore Services
357294,HOV,Hovnanian Enterprises Inc
1482512,HPP,Hudson Pacific Properties
0001144354,HPY,Heartland Payment Systems
0001361189,HQY,Healthequity Inc
899749,HR,Healthcare Realty Trust Inc
109177,HRG,Harbinger Group Inc
0001598665,HRTG,Heritage Insurance Holdings
Perform another Company-CIK Lookup,HRTX,Heron Therapeutics Inc
45876,HSC,Harsco Corp
1066605,HSII,Heidrick & Struggles International
1038133,HSKA,Heska Corp
1434729,HSNI,HSN Inc
1095565,HSTM,Healthstream Inc
1063344,HT,Hersha Hospitality Trust
1538263,HTBI,Hometrust Bancshares Inc
1053352,HTBK,Heritage Commerce Corp
1265131,HTH,Hilltop Holdings Inc
799233,HTLD,Heartland Express
920112,HTLF,Heartland Financial USA
1419521,HTS,Hatteras Financial Corp
0001389072,HTWR,Heartware International
940942,HUBG,Hub Group
0001404655,HUBS,Hubspot Inc
315374,HURC,Hurco Companies
1289848,HURN,Huron Consulting Group Inc
216085,HVT,Haverty Furniture Companies
1003344,HW,Headwaters Inc
704415,HWAY,Healthways Inc
46250,HWKN,Hawkins Inc
1173514,HY,Hyster-Yale Materials Handling
Perform another Company-CIK Lookup,HYH,Halyard Health Inc. Common Sto
1057060,HZO,Marinemax Inc
Perform another Company-CIK Lookup,I,Intelsat S.A. Common Shares
917520,IART,Integra Lifesciences Holdings Corp
39311,IBCP,Independent Bank Corp
933141,IBKC,Iberiabank Corp
315709,IBOC,International Bancshares Corp
Perform another Company-CIK Lookup,IBP,Installed Building Products I
1564618,IBTX,Independent Bank Group Inc
Perform another Company-CIK Lookup,ICD,Independence Contract Drilling Inc
1362004,ICFI,Icf International
857737,ICON,Iconix Brand Group
883984,ICUI,Icu Medical
1057877,IDA,Idacorp Inc
1405495,IDCC,Interdigital
861838,IDRA,Idera Pharmaceuticals
1005731,IDT,IDT Corp
703361,IDTI,Integrated Device Technology
701869,IHC,Independence Holding Company
764401,IIIN,Insteel Industries
1434620,IILG,Interval Leisure Group
820318,IIVI,Ii-Vi Inc
1488075,IL,Intralinks Holdings
921582,IMAX,Imax Corp
0001437786,IMDZ,Immune Design Corp
855654,IMGN,Immunogen
1000298,IMH,Impac Mortgage Holdings
50493,IMKTA,Ingles Markets Inc
1058811,IMMR,Immersion Corp
722830,IMMU,Immunomedics
1014111,IMN,Imation Corp
0001328015,IMPR,Imprivata Inc
1364962,IMPV,Imperva Inc
1056386,INAP,Internap Network Services Corp
936538,INCR,Inc Research Holdings Inc
776901,INDB,Independent Bank
1113148,INFI,Infinity Pharmaceuticals
1138639,INFN,Infinera Corp
1018710,INGN,Inogen Inc
1517650,ININ,Interactive Intelligence
1497645,INN,Summit Hotel Properties
0001055726,INO,Inovio Pharmaceuticals
1104506,INSM,Insmed Inc
1516479,INSY,Insys Therapeutics Inc
913760,INTL,Intl Fcstone Inc
1294924,INVN,Invensense Inc
1350381,INWK,Innerworkings
866609,IO,ION Geophysical Corp
0001054905,IOSP,Innospec Inc
822663,IPAR,Inter Parfums
1195933,IPCC,Infinity Property and Casualty Corp
1160958,IPHI,Inphi Corp
1364099,IPHS,Innophos Holdings
1421461,IPI,Intrepid Potash Inc
1003642,IPXL,Impax Laboratories
1292653,IQNT,Inteliquent Inc
1159167,IRBT,Irobot Corp
923284,IRC,Inland Real Estate Corp
1418819,IRDM,Iridium Communications Inc
798359,IRET,Investors Real Estate Trust
Perform another Company-CIK Lookup,IRMD,Iradimed Corporation
1466085,IRT,Independence Realty Trust Inc
1446847,IRWD,Ironwood Pharmaceuticals
1326807,ISBC,Investors Bancorp
51548,ISCA,International Speedway Corp
1096325,ISIL,Intersil Corp
863015,ISLE,Isle of Capri Casinos
719209,ISRL,Isramco Inc
1567514,ITCI,Intra-Cellular Ther
920424,ITG,Investment Technology Group
780571,ITRI,Itron Inc
742112,IVC,Invacare Corp
1437071,IVR,Invesco Mortgage Capital Inc
0000945699,IXYS,Ixys Corp
807882,JACK,Jack In The Box Inc
1009829,JAKK,Jakks Pacific
880117,JBSS,John B. Sanfilippo & Son
1433660,JBT,John Bean Technologies Corp
1084048,JCOM,J2 Global Communications Inc
1580185,JGW,Jgwpt Holdings Inc
1462633,JIVE,Jive Software Inc
785956,JJSF,J & J Snack Foods
1316898,JMBA,Jamba Inc
Perform another Company-CIK Lookup,JMG,Journal Media Group Inc. Commo
1065865,JNS,Janus Capital Group Inc
745308,JOE,St. Joe Company
1573166,JONE,Jones Energy Inc
788329,JOUT,Johnson Outdoors Inc
1325177,JRVR,James River Group Holdings Ltd
886346,KAI,Kadant Inc
811596,KALU,Kaiser Aluminum Corp
54381,KAMN,Kaman Corp
0000734957,KBAL,Kimball International Inc
795266,KBH,KB Home
1569391,KCG,Kcg Holdings Inc
54473,KCLI,Kansas City Life Insurance Company
Perform another Company-CIK Lookup,KE,Kimball Electronics Inc
318996,KEG,Key Energy Services
0000055135,KELYA,Kelly Services
1114220,KERX,Keryx Biopharmaceuticals
1487101,KEYW,The Keyw Holding Corp
930420,KFRC,Kforce Inc
56679,KFY,Korn/Ferry International
1056285,KIRK,Kirkland's Inc
Perform another Company-CIK Lookup,KITE,Kite Pharma Inc
1100270,KKD,Krispy Kreme Doughnuts
0001617898,KLXI,Klx Inc
1141185,KMG,KMG Chemicals
860748,KMPR,Unitrin
Perform another Company-CIK Lookup,KN,Knowles Corporation Common Stoc
1060009,KND,Kindred Healthcare
1011570,KNL,Knoll Inc
929452,KNX,Knight Transportation
31235,KODK,Eastman Kodak
1265572,KONA,Kona Grill
1315257,KOP,Koppers Holdings Inc
771266,KOPN,Kopin Corp
1503802,KPTI,Karyopharm Therapeutics Inc
1321646,KRA,Kraton Performance Polymers Inc
1286043,KRG,Kite Realty Group Trust
1295664,KRNY,Kearny Financial
1257640,KRO,Kronos Worldwide Inc
Perform another Company-CIK Lookup,KS,Kapstone Paper and Packaging Corp
1069258,KTOS,Kratos Defense & Security Solutions
Perform another Company-CIK Lookup,KTWO,K2M Group Holdings Inc
1007587,KVHI,Kvh Industries
1408100,KW,Kennedy-Wilson Holdings Inc
81362,KWR,Quaker Chemical Corp
819220,LABL,Multi-Color Corp
1023128,LAD,Lithia Motors
0001577670,LADR,Ladder Capital Corp
57515,LANC,Lancaster Colony Corp
703604,LAWS,Lawson Products
846901,LBAI,Lakeland Bancorp
1425205,LBIO,Lion Biotechnologies Inc
902274,LBY,Libbey Inc
57725,LCI,Lannett Co Inc
874396,LCUT,Lifetime Brands
60977,LDL,Lydall Inc
825410,LDR,Landauer Inc
1348324,LDRH,Ldr Holding Corp
0000799288,LE,Lands' End Inc
889331,LFUS,Littelfuse
1126956,LG,Laclede Group
1580670,LGIH,LGI Homes Inc
886163,LGND,Ligand Pharmaceuticals Inc
1303313,LHCG,LHC Group
1053532,LHO,Lasalle Hotel Properties
1302676,LIFE,Atyr Pharma Inc
822662,LION,Fidelity Southern Corp
1058299,LIOX,Lionbridge Technologies
920465,LJPC,La Jolla Pharma
721994,LKFN,Lakeland Financial Corp
1396033,LL,Lumber Liquidators Holdings Inc
1391127,LLNW,Limelight Networks
1158895,LMAT,Lemaitre Vascular
1342423,LMNR,Limoneira Co
1033905,LMNX,Luminex Cor
1520744,LMOS,Lumos Networks Corp
57528,LNCE,Snyder's Lance Inc
1005286,LNDC,Landec Corp
836157,LNN,Lindsay Corp
1383871,LOCK,Lifelock Inc
Perform another Company-CIK Lookup,LOCO,El Pollo Loco Holdings Inc
1420302,LOGM,Logmein Inc
1434588,LOPE,Grand Canyon Education
1006269,LORL,Loral Space and Communications
Perform another Company-CIK Lookup,LOXO,Loxo Oncology Inc
0001596993,LPG,Dorian Lpg Ltd
1102993,LPSN,Liveperson Inc
60519,LPX,Louisiana-Pacific Corp
0001594617,LQ,La Quinta Holdings Inc
1235468,LQDT,Liquidity Services
1157408,LRN,K12 Inc
855658,LSCC,Lattice Semiconductor Corp
887905,LTC,Ltc Properties
Perform another Company-CIK Lookup,LTRPA,Liberty Tripadvisor Holdings I
1029730,LTS,Ladenburg Thalmann Financial Inc
Perform another Company-CIK Lookup,LTXB,Legacytexas Financial Group Inc
814586,LWAY,Lifeway Foods
Perform another Company-CIK Lookup,LXFT,Luxoft Holding Inc
910108,LXP,Lexington Realty Trust
0001062822,LXRX,Lexicon Pharmaceuticals
60714,LXU,Lsb Industries Inc
763532,LYTS,Lsi Industries Inc
57131,LZB,La-Z-Boy Inc
1274792,MACK,Merrimack Pharmaceuticals Inc
1056696,MANH,Manhattan Associates
892537,MANT,Mantech International Corp
937556,MASI,Masimo Corp
63296,MATW,Matthews International Corp
1541927,MATX,Matson Inc
1139812,MBFI,MB Financial Inc
814585,MBI,MBIA Inc
1590976,MBUU,Malibu Boats Inc
726517,MBVT,Merchants Bancshares
1042729,MBWM,Mercantile Bank Corp
0001621161,MC,Moelis
1071993,MCF,Contango Oil & Gas Company
1224133,MCHX,Marchex Inc
907242,MCRI,Monarch Casino & Resort
62234,MCS,Marcus Corp
1254419,MDAS,Medassets Inc
773141,MDC,M.D.C. Holdings
876883,MDCA,M.D.C. Partners Inc
1113481,MDCO,The Medicines Company
1138776,MDGN,Medgenics Inc. Common Stock
0001611110,MDLY,Medley Management Inc
65011,MDP,Meredith Corp
708819,MDR,McDermott International
1453814,MDSO,Medidata Solutions
1376339,MDXG,Mimedx Group Inc
910329,MED,Medifast Inc
216539,MEG,Media General
0000313059,MEI,Methode Electronics
701811,MENT,Mentor Graphics Corp
1085706,METR,Metro Bancorp Inc
830916,MFLX,Multi-Fineline Electronix
1419852,MFRM,Mattress Firm Holding Corp
1436126,MG,Mistras Group Inc
1161728,MGEE,Mge Energy Inc
1273931,MGI,Moneygram International
19411,MGLN,Magellan Health Services
1125345,MGNX,Macrogenics Inc
835011,MGPI,MGP Ingredients
752714,MGRC,Mcgrath Rentcorp
1342126,MHGC,Morgans Hotel Group Co
1412100,MHLD,Maiden Hldgs Ltd
799292,MHO,M/I Homes
0001022652,MIFI,Novatel Wireless
911109,MINI,Mobile Mini
1514281,MITT,Ag Mortgage Investment Trust
1049502,MKSI,Mks Instruments
1490660,MKTO,Marketo Inc
1278021,MKTX,Marketaxess Holdings
724004,MLAB,Mesa Laboratories
66382,MLHR,Herman Miller
89439,MLI,Mueller Industries
914712,MLNK,Moduslink Global Solutions Inc
924822,MLR,Miller Industries
1578732,MMI,Marcus & Millichap
1032220,MMS,Maximus Inc
856982,MMSI,Merit Medical Systems
899460,MNKD,Mannkind Corp
67625,MNR,Monmouth Real Estate Investment Corp
876427,MNRO,Monro Muffler Brake
1235010,MNTA,Momenta Pharmaceuticals
769592,MOBL,Mobileiron Inc
67347,MOD,Modine Manufacturing Company
1118417,MODN,Model N Inc. Common Stock
1412665,MOFG,Midwestone Financial Group
0000067887,MOG.A,Moog Inc
1179929,MOH,Molina Healthcare Inc
Perform another Company-CIK Lookup,MORE,Monogram Residential Trust In
72573,MOV,Movado Group Inc
918251,MPAA,Motorcar Parts of America
1204560,MPG,Metaldyne Performance Group Inc
1287865,MPW,Medical Properties Trust
1280452,MPWR,Monolithic Power Systems
1129155,MPX,Marine Products Corp
1517990,MRC,Mrc Global Inc
1049521,MRCY,Mercury Computer Systems
1389002,MRIN,Marin Sotfware Incorporated
1260968,MRLN,Marlin Business Services
799167,MRTN,Marten Transport
1576263,MRTX,Mirati Therapeutics Inc
66570,MSA,Msa Safety Inc
310568,MSCC,Microsemi Corp
66004,MSEX,Middlesex Water Company
720002,MSFG,Mainsource Financial Group
1050446,MSTR,Microstrategy Inc
1520006,MTDR,Matador Resources Company
876437,MTG,Mgic Investment Corp
1516973,MTGE,American Capital Mortgage Inves
833079,MTH,Meritage Corp
812011,MTN,Vail Resorts
1113256,MTOR,Arvinmeritor
1104657,MTRN,Brush Wellman Inc
866273,MTRX,Matrix Service Company
68709,MTSC,MTS Systems Corp
1493594,MTSI,M/A-Com Technology Solutions Ho
928421,MTSN,Mattson Technology
891014,MTX,Minerals Technologies Inc
15615,MTZ,Mastec Inc
884217,MW,Men's Wearhouse
1350593,MWA,Mueller Water Products
1020416,MWW,Monster Worldwide
1288469,MXL,Maxlinear Inc
Perform another Company-CIK Lookup,MXPT,Maxpoint Interactive Inc
1577095,MYCC,Clubcorp Holdings Inc
69488,MYE,Myers Industries
899923,MYGN,Myriad Genetics
1088436,MYRG,Myr Group
Perform another Company-CIK Lookup,NADL,North Atlantic Drilling Ltd. Co
704532,NANO,Nanometrics Inc
1336249,NAO,Nordic American Offshore Ltd
0001000177,NAT,Nordic American Tanker Shipping Ltd
1301106,NATL,National Interstate Corp
275053,NATR,Nature's Sunshine Products
808450,NAV,Navistar International Corp
810509,NAVB,Navidea Biopharmaceuticals Inc
793547,NAVG,The Navigators Group
714530,NBBC,Newbridge Bancorp
1475841,NBHC,National Bank Holdings Corp
914475,NBIX,Neurocrine Biosciences
790359,NBTB,NBT Bancorp Inc
789933,NC,Nacco Industries
1019737,NCI,Navigant Consulting
1377630,NCMI,National Cinemedia
794487,NCOM,National Commerce Corp
883902,NCS,NCI Building Systems
1275158,NDLS,Noodles & Company
0001057725,NEFF,Neff Corp
1077183,NEO,Neogenomics Inc
711377,NEOG,Neogen Corp
1579684,NEWM,New Media Investment Group Inc
225263,NEWP,Newport Corp
0001448056,NEWR,New Relic Inc
1373561,NEWS,Newstar Financial
1493225,NFBK,Northfield Bancorp
0001578735,NGHC,National General Holdings Corp
1084991,NGS,Natural Gas Services Group
1547459,NGVC,Natural Grocers By Vitamin Cottage Inc
1047335,NHC,National Healthcare Corp
877860,NHI,National Health Investors
0000912061,NHTC,Natural Health Trends Corp
1091171,NILE,Blue Nile Inc
356309,NJR,Newjersey Resources Corp
796534,NKSH,National Bankshares
906709,NKTR,Nektar Therapeutics
72162,NL,NL Industries
1126234,NLNK,Newlink Genetics Corp
1078207,NLS,Nautilus Group
0001333172,NM,Navios Maritime Holdings Inc
1452751,NMBL,Nimble Storage Inc
1547903,NMIH,Nmi Holdings Inc
1437260,NNA,Navios Maritime Acquisition Corp
918541,NNBR,NN Inc
1258602,NNI,Nelnet Inc
Perform another Company-CIK Lookup,NOG,Northern Oil and Gas
1296435,NP,Neenah Paper
700733,NPBC,National Penn Bancshares
80172,NPK,National Presto Industries
1164863,NPO,Enpro Industries
1227025,NPTN,Neophotonics Corp
71829,NR,Newpark Resources
70487,NRCIA,National Research Corp
1556593,NRZ,New Residential Investment Corp
0001618563,NSA,National Storage Affiliates Tru
932696,NSIT,Insight Enterprises
1520566,NSM,Nationstar Mortgage Holdngs I
1000753,NSP,Insperity Inc
1265888,NSR,Neustar Inc
1401708,NSTG,Nanostring Technologies Inc
1078075,NTCT,Netscout Systems
1122904,NTGR,Netgear Inc
1216596,NTK,Nortek Inc
1328571,NTLS,Ntelos Holdings
1096376,NTRI,Nutrisystem Inc
1050007,NUTR,Nutraceutical International Corp
1142596,NUVA,Nuvasive Inc
1000694,NVAX,Novavax Inc
724910,NVEC,Nve Corp
1532961,NVEE,Nv5 Holdings Inc
1292519,NVIV,Invivo Therapeutics Holdings
0001444380,NVRO,Nevro Corp
0001501134,NVTA,Invitae Corp
1471265,NWBI,Northwest Bancshares
0001072379,NWBO,Northwest Biotherapeutics
0000831180,NWE,Northwestern Corp
1574596,NWHM,New Home Co Llc
70684,NWLI,National Western Life Insurance
73020,NWN,Northwest Natural Gas Company
1001385,NWPX,Northwest Pipe Company
1423221,NX,Quanex Building Products Corp
Perform another Company-CIK Lookup,NXRT,Nexpoint Residential Trust Inc
1142417,NXST,Nexstar Broadcasting Group
1333170,NXTM,Nxstage Medical
1567683,NYLD,NRG Yield Inc
1273685,NYMT,New York Mortgage Trust
906780,NYNY,Empire Resorts
Perform another Company-CIK Lookup,NYRT,New York REIT Inc
71691,NYT,New York Times Company
1486159,OAS,Oasis Petroleum Inc
0001369817,OB,Onebeacon Insurance Group
Perform another Company-CIK Lookup,OCAT,Ocata Therapeutics Inc
1004702,OCFC,Oceanfirst Financial
1110647,OCLR,Oclaro Inc
873860,OCN,Ocwen Financial Corp
Perform another Company-CIK Lookup,OCUL,Ocular Therapeutix Inc
74046,ODC,Oil-Dri Corporation of America
1030469,OFG,Oriental Financial Group
884624,OFIX,Orthofix International N.V.
1317945,OFLX,Omega Flex
1587732,OGS,One Gas Inc
1121484,OIS,Oil States International
914374,OKSB,Southwest Bancorp
1297968,OLED,Universal Display Corp
74303,OLN,Olin Corp
712770,OLP,One Liberty Properties
0001611702,OMAM,Om Asset Management Ltd
926326,OMCL,Omnicell Inc
1053650,OME,Omega Protein Corp
1302573,OMED,Oncomed Pharmaceuticals Inc
1285819,OMER,Omeros Corp
75252,OMI,Owens & Minor
1090061,OMN,Omnova Solutions Inc
707179,ONB,Old National Bancorp Capital
1425919,ONCE,Spark Therapeutics Inc
0001420811,ONDK,On Deck Capital Inc
1412067,ONTY,Oncothyreon Inc
1497253,ONVO,Organovo Holdings
Perform another Company-CIK Lookup,OPB,Opus Bank
1410939,OPHT,Ophthotech Corp
1101152,OPWR,Opower Inc
791963,OPY,Oppenheimer Holdings
1296445,ORA,Ormat Technologies
1361983,ORBC,Orbcomm Inc
1518621,ORC,Orchid Island Capital Inc. Com
1382911,OREX,Orexigen Therapeutics
1483195,ORIT,Oritani Financial
1402829,ORN,Orion Marine Group Inc
357173,OSBC,Old Second Bancorp
1360886,OSIR,Osiris Therapeutics
1039065,OSIS,Osi Systems
1130713,OSTK,Overstock.Com
1116463,OSUR,Orasure Technologies
Perform another Company-CIK Lookup,OTIC,Otonomy Inc
1466593,OTTR,Otter Tail Corp
941604,OUTR,Outerwall Inc
1544227,OVAS,Ovascience Inc
1106851,OVTI,Omnivision Technologies
1586049,OXFD,Oxford Immunotec Global Plc
75288,OXM,Oxford Industries
1038205,OZRK,Bank of The Ozarks
1299130,PACB,Pacific Biosciences of California
0001069899,PAHC,Phibro Animal Health Corp
0000821483,PARR,Par Petroleum Corp
76605,PATK,Patrick Industries
Perform another Company-CIK Lookup,PAYC,Paycom Software Inc
0001068851,PB,Prosperity Bancshares
1295947,PBH,Prestige Brand Holdings
1195734,PBPB,Potbelly Corp
77449,PBY,Pep Boys-Manny Moe & Jack
1084717,PCBK,Pacific Continental Corporation [Ore]
1050377,PCCC,PC Connection
1338749,PCH,Potlatch Corp
1359555,PCO,Pendrell Corp
1396814,PCRX,Pacira Pharmaceuticals
1005972,PCTY,Paylocity Holding Corp
50471,PCYG,Park City Group
77877,PDCE,Pdc Energy Inc
1120914,PDFS,Pdf Solutions Inc
882104,PDLI,Pdl Biopharma
Perform another Company-CIK Lookup,PDVW,Pacific Datavision Inc
0001643638,PE,Parsley Energy
1474098,PEB,Pebblebrook Hotel Trust
318300,PEBO,Peoples Bancorp Inc
1013857,PEGA,Pegasystems Inc
1561660,PEGI,Pattern Energy Group Inc
77281,PEI,Pennsylvania Real Estate Investment
778164,PEIX,Pacific Ethanol
921738,PENN,Penn National Gaming
900349,PERY,Perry Ellis International Inc
0000320575,PES,Pioneer Energy Services Corp
1040130,PETS,Petmed Express
1509190,PETX,Aratana Therapeutics Inc
0001492165,PFBC,Preferred Bank
1056943,PFIS,Peoples Finl Svcs Co
0001478121,PFNX,Pfenex Inc
1212458,PFPT,Proofpoint Inc
1178970,PFS,Provident Financial Services
1568669,PFSI,Pennymac Financial Services In
1095315,PFSW,Pfsweb Inc
1050743,PGC,Peapack-Gladstone Financial Corp
1284807,PGEM,Ply Gem Holdings Inc
Perform another Company-CIK Lookup,PGND,Pga Holdings Inc
835887,PGNX,Progenics Pharmaceuticals Inc
1354327,PGTI,Pgt Industries
77776,PHH,Phh Corp
0000350403,PHIIK,PHI Inc
315131,PHX,Panhandle Royalty Company
830122,PICO,Pico Holdings Inc
1365754,PIR,Pier 1 Imports
1230245,PJC,Piper Jaffray Companies
76321,PKD,Parker Drilling Company
76267,PKE,Park Electrochemical Corp
76282,PKOH,Park-Ohio Holdings
729237,PKY,Parkway Properties
810136,PLAB,Photronics
1297633,PLAY,Dave and Buster's Entertainment
1041859,PLCE,The Children's Place Retail Stores
1010552,PLCM,Polycom Inc
1041379,PLKI,Popeyes Louisiana Kitchen Inc
1287213,PLOW,Douglas Dynamics
80035,PLPC,Preformed Line Products Company
914025,PLT,Plantronics
1093691,PLUG,Plug Power Inc
1022408,PLUS,Eplus Inc
785786,PLXS,Plexus Corp
1388195,PMC,Pharmerica Corp
1464423,PMT,Pennymac Mortgage Investment Trust
Perform another Company-CIK Lookup,PN,Patriot National Inc
1115055,PNFP,Pinnacle Financial Partners
356213,PNK,Pinnacle Entertainment
1108426,PNM,PNM Resources Inc
78460,PNY,Piedmont Natural Gas Company
1145197,PODD,Insulet Corp
1122976,POL,Polyone Corp
945841,POOL,Pool Corp
784977,POR,Portland General Electric Company
1530950,POST,Post Holdings Inc
833640,POWI,Power Integrations
80420,POWL,Powell Industries
882154,POWR,Powersecure International Inc
1059790,POZN,Pozen Inc
1028918,PPBI,Pacific Premier Bancorp Inc
704562,PPHM,Peregrine Pharmaceuticals Inc
1185348,PRAA,Portfolio Recovery Associates
Perform another Company-CIK Lookup,PRAH,Pra Health Sciences Inc
1085869,PRFT,Perficient Inc
876167,PRGS,Progress Software Corp
1475922,PRI,Primerica Inc
0001361538,PRIM,Primoris Services Corp
805676,PRK,Park National Corp
1443669,PRLB,Proto Labs Inc
1392972,PRO,Pros Holdings
1220754,PRSC,The Providence Service Corp
1559053,PRTA,Prothena Corporation Plc
1014653,PRTK,Paratek Pharmaceuticals Inc
0001359931,PRTO,Proteon Therapeutics Inc
0001592058,PRTY,Party City Holdco Inc
799729,PRXL,Parexel International Corp
866368,PSB,Business Parks
0001514242,PSG,Performance Sports Group Ltd
1137091,PSIX,Power Solutions Inte
1041803,PSMT,Pricesmart Inc
1507277,PSTB,Park Sterling Bank
1070081,PTCT,Ptc Therapeutics Inc
1269021,PTLA,Portola Pharmaceuticals Inc
798287,PTSI,P.A.M. Transportation Services
1024126,PTX,Pernix Therapeutics Holdings Inc
77159,PVA,Penn Virginia Corp
889936,PVTB,Privatebancorp
716605,PWOD,Penns Woods Bancorp
1399249,PZN,Pzena Investment Management Inc
901491,PZZA,Papa John's International
0001036188,QADA,Qad Inc
906465,QCRH,Qcr Holdings
353569,QDEL,Quidel Corp
918386,QLGC,Qlogic Corp
1305294,QLIK,Qlik Technologies Inc
1107843,QLYS,Qualys Inc
1117297,QNST,Quinstreet Inc
708818,QSII,Quality Systems
709283,QTM,Quantum Corp
1577368,QTS,Qts Realty Trust Inc
Perform another Company-CIK Lookup,QTWO,Q2 Holdings Inc
1481792,QUAD,Quad Graphics Inc
1320854,RAIL,Freightcar America
1515673,RARE,Ultragenyx Pharmaceutical Inc
1045425,RAS,Rait Financial Trust
1518222,RATE,Bankrate Inc
82166,RAVN,Raven Industries
921557,RBCAA,Republic Bancorp
1568832,RCAP,RCS Capital Corp
933036,RCII,Rent-A-Center Inc
95052,RDEN,Elizabeth Arden
716634,RDI,Reading International Inc
890926,RDN,Radian Group Inc
Perform another Company-CIK Lookup,RDNT,Radnet Inc
0001315443,RDUS,Radius Health Inc
1084765,RECN,Resources Connection
1405682,REGI,Renewable Energy Group Inc
Perform another Company-CIK Lookup,REI,Ring Energy Inc
0001114019,REIS,Reis Inc
0000038984,RELY,Signature Group
800458,RENT,Rentrak Corp
1555039,RESI,Altisource Residential Corporat
887921,REV,Revlon Inc
744187,REX,Rex American Resources Corporation
83402,REXI,Resource America
1571283,REXR,Rexford Industrial Realty Inc
1397516,REXX,Rex Energy Corp
730272,RGEN,Repligen Corp
1505512,RGLS,Regulus Therapeutics Inc
95029,RGR,Sturm Ruger & Company
716643,RGS,Regis Corp
1528849,RH,Restoration Hardware Holdings
1040829,RHP,Gaylord Entertainment Company
1034842,RIGL,Rigel Pharmaceuticals
1159154,RJET,Republic Airways Holdings
Perform another Company-CIK Lookup,RKDA,Arcadia Biosciences Inc
1294016,RKUS,Ruckus Wireless Inc
1327471,RLD,Reald Inc
1171155,RLGT,Radiant Logistics
84246,RLI,Rli Corp
1511337,RLJ,Rlj Lodging Trust
1416792,RLYP,Relypsa Inc
1519401,RM,Regional Managment Corp
1581091,RMAX,Re/Max Holdings Inc
917273,RMBS,Rambus Inc
1041024,RMTI,Rockwell Medical Technologies
1162112,RNET,Rignet Inc
1384905,RNG,Ringcentral Inc
715072,RNST,Renasant Corp
1046327,RNWK,Realnetworks
912562,ROCK,Gibraltar Industries
847480,ROG,Rogers Corp
0001407623,ROIC,Retail Opportunity Investments
1324948,ROLL,RBC Bearings Inc
1424454,ROVI,Rovi Corp
1311538,ROX,Castle Brands
1286225,RP,Realpage Inc
842183,RPT,Ramco-Gershenson Properties Trust
1203944,RPTP,Raptor Pharmaceutical
1509432,RPXC,Rpx Corp
1171759,RRGB,Red Robin Gourmet Burgers
1440024,RRTS,Roadrunner Transportation Systems Inc
1528558,RSE,Rouse Properties Inc. Common S
1332551,RSO,Resource Capital
1588216,RSPP,Rsp Permian Inc
1019361,RSTI,Rofin-Sinar Technologies
790528,RT,Ruby Tuesday
1094392,RTEC,Rudolph Technologies
1100441,RTIX,Rti Biologics
868725,RTK,Rentech Inc
1438533,RTRX,Retrophin Inc
Perform another Company-CIK Lookup,RUBI,The Rubicon Project Inc
0001012019,RUSHA,Rush Enterprises
1324272,RUTH,Ruth's Hospitality Group
0001388649,RVNC,Revance Therapeutics Inc
930236,RWT,Redwood Trust
Perform another Company-CIK Lookup,RXDX,Ignyta Inc
1439288,RXN,Rexnord Corp
0001597672,RYAM,Rayonier Advanced Materials Inc
0001481582,RYI,Ryerson Holding Corp
1087934,SAAS,Incontact
812128,SAFM,Sanderson Farms
1172052,SAFT,Safety Insurance Group
Perform another Company-CIK Lookup,SAGE,Sage Therapeutics Inc
1043509,SAH,Sonic Automotive
0001177702,SAIA,Saia Inc
1571123,SAIC,Science Applications Internatio
1475274,SALE,Retailmenot Inc
Perform another Company-CIK Lookup,SALT,Scorpio Bulkers Inc. Common Sto
949870,SAM,Boston Beer Company
1350970,SANM,Sanmina-Sci Corp
824410,SASR,Sandy Spring Bancorp
Perform another Company-CIK Lookup,SB,Safe Bulkers Inc
730708,SBCF,Seacoast Banking Corporation of Florida
912752,SBGI,Sinclair Broadcast Group
1492298,SBRA,Sabra Healthcare REIT Inc
705432,SBSI,Southside Bancshares
1557255,SBY,Silver Bay Realty Trust Corp
1411574,SCAI,Surgical Care Affiliates Inc
866729,SCHL,Scholastic Corp
912603,SCHN,Schnitzer Steel Industries
94049,SCL,Stepan Company
880771,SCLN,Sciclone Pharmaceuticals
1365216,SCMP,Sucampo Pharmaceuticals
1158172,SCOR,Comscore Inc
1050825,SCS,Steelcase Inc
918965,SCSC,Scansource Inc
827187,SCSS,Select Comfort Corp
895447,SCVL,Shoe Carnival
1019671,SEAC,Seachange International
1564902,SEAS,Seaworld Entertainment Inc. Co
88121,SEB,Seaboard Corp
1320414,SEM,Select Medical Holdings Corp
1489136,SEMG,Semgroup Corp
88948,SENEA,Seneca Foods
720672,SF,Stifel Financial Corp
Perform another Company-CIK Lookup,SFBS,Servisfirst Bancshares Inc
86115,SFE,Safeguard Scientifics
0001289877,SFL,Ship Finance International
1125920,SFLY,Shutterfly
90498,SFNC,Simmons First National Corp
0001403999,SFS,Smart
1553588,SFXE,Sfx Entertainment Inc
886136,SGA,Saga Communications
Perform another Company-CIK Lookup,SGBK,Stonegate Bank [Fl]
95574,SGC,Superior Uniform Group
802301,SGI,Silicon Graphics International Corp
1454389,SGM,Stonegate Mortgage Corp
1001233,SGMO,Sangamo Biosciences
750004,SGMS,Scientific Games Corp
1369786,SGNT,Sagent Pharmaceuticals Inc
904080,SGY,Stone Energy Corp
1347613,SGYP,Synergy Pharmaceuticals Inc
0001620533,SHAK,Shake Shack Inc
354963,SHEN,Shenandoah Telecommunications Co
87565,SHLM,A. Schulman
1295810,SHO,Sunstone Hotel Investors
913241,SHOO,Steven Madden
1388133,SHOR,Shoretel Inc
Perform another Company-CIK Lookup,SIEN,Sientra Inc
230557,SIGI,Selective Insurance Group
790715,SIGM,Sigma Designs
1537667,SIR,Select Income REIT Common Share
Perform another Company-CIK Lookup,SIXD,6D Global Technologies Inc
91928,SJI,South Jersey Industries
766829,SJW,SJW Corp
1423542,SKUL,Skullcandy Inc
793733,SKYW,Skywest Inc
1038074,SLAB,Silicon Laboratories
1524741,SLCA,U.S. Silica Holdings Inc
1375365,SMCI,Super Micro Computer
93389,SMP,Standard Motor Products
884940,SMRT,Stein Mart Inc
88941,SMTC,Semtech Corp
1528837,SN,Sanchez Energy Corp
944508,SNAK,Inventure Foods
1017793,SNBC,Sun Bancorp
1017906,SNC,State National Companies Inc
1131554,SNCR,Synchronoss Technologies
1024795,SNHY,Sun Hydraulics Corp
1123979,SNMX,Senomyx Inc
1587755,SNOW,Intrawest Resorts Holdings Inc
95366,SNR,New Senior Investment Group Inc
1157601,SNTA,Synta Pharmaceuticals
1177394,SNX,Synnex Corp
868611,SONC,Sonic Corp
1105472,SONS,Sonus Networks
1123333,SP,SP Plus Corporation
92679,SPA,Sparton Corp
Perform another Company-CIK Lookup,SPKE,Spark Energy Inc
789132,SPNC,The Spectranetics Corp
Perform another Company-CIK Lookup,SPNS,Sapiens International Corporation N.V.
Perform another Company-CIK Lookup,SPOK,Spok Holdings Inc
831547,SPPI,Spectrum Pharmaceuticals
1229195,SPSC,Sps Commerce
877422,SPTN,Spartan Stores
0001132105,SPWH,Sportsman'S Warehouse Holdi
Perform another Company-CIK Lookup,SQBG,Sequential Brands Group Inc
1082526,SQI,Sciquest Inc
1076481,SQNM,Sequenom Inc
34782,SRCE,1St Source Corp
924717,SRDX,Surmodics Inc
1310114,SREV,Servicesource International In
1043337,SRI,Stoneridge Inc
850261,SRNE,Sorrento Therapeutics
873303,SRPT,Sarepta Therapeutics Inc
Perform another Company-CIK Lookup,SSB,South State Corporation
920371,SSD,Simpson Manufacturing Company
1137046,SSE,Seventy Seven Energy Inc
1072048,SSI,Stage Stores
1180079,SSNI,Silver Spring Networks Inc. Co
832428,SSP,E.W. Scripps Company
944314,SSS,Sovran Self Storage
1549346,SSTK,Shutterstock Inc
915735,SSYS,Stratasys Ltd
718937,STAA,Staar Surgical Company
1479094,STAG,STI Inc
1391672,STAR,Istar Financial Inc
719220,STBA,S&T Bancorp
1497275,STBZ,State Bank Finl Corp
94344,STC,Stewart Information Services Corp
1574815,STCK,Stock Building Supply Holdings
815065,STE,Steris Corp
874977,STFC,State Auto Financial Corp
93451,STL,Sterling Bancorp
1264587,STML,Stemline Therapeutics Inc
1082923,STMP,Stamps.Com Inc
0001483934,STNG,Scorpio Tankers Inc
1075658,STOR,Store Capital Corpstore Capital
1013934,STRA,Strayer Education
1574460,STRP,Straight Path Communications In
933034,STRT,Strattec Security Corp
912593,SUI,Sun Communities
Perform another Company-CIK Lookup,SUM,Summit Materials Inc
95552,SUP,Superior Industries International
1356576,SUPN,Supernus Pharmaceuticals Inc
95521,SVU,Supervalu Inc
931948,SWC,Stillwater Mining Company
1492691,SWFT,Swift Transportation Company
1092796,SWHC,Smith & Wesson Holding Corp
1000623,SWM,Schweitzer-Mauduit International
92416,SWX,Southwest Gas Corp
1514705,SXC,Suncoke Energy Inc
310354,SXI,Standex International Corp
310142,SXT,Sensient Technologies Corp
1403385,SYA,Symetra Financial Corp
835324,SYBT,S.Y. Bancorp
1010612,SYKE,Sykes Enterprises Inc
817720,SYNA,Synaptics Inc
1040426,SYNT,Syntel Inc
1413507,SYRG,Synergy Resources Cp
0001293593,SYUT,Synutra International
945114,SYX,Systemax Inc
0001591877,SZMK,Sizmek Inc
1311230,SZYM,Solazyme Inc
1331745,TAL,Tal International Group
1069183,TASR,Taser International
809248,TAST,Carrols Restaurant Group
1092289,TAT,Transatlantic Petroleum Ltd
1528930,TAX,Jth Holding Inc
1295401,TBBK,The Bancorp
768899,TBI,Trueblue Inc
Perform another Company-CIK Lookup,TBK,Triumph Bancorp Inc
1447051,TBNK,Territorial Bancorp Inc
Perform another Company-CIK Lookup,TBPH,Theravance Biopharma Inc
0001409690,TBRA,Tobira Therapeutics Inc
1077428,TCBI,Texas Capital Bancshares
356171,TCBK,Trico Bancshares
1411688,TCS,The Container Store Group Inc
98222,TDW,Tidewater Inc
1094285,TDY,Teledyne Technologies Inc
790703,TECD,Tech Data Corp
1024725,TEN,Tenneco Automotive
1022705,TESO,Tesco Corp
1489979,TFM,The Fresh Market
850429,TG,Tredegar Corp
0001413159,TGH,Textainer Group Holdings
1001316,TGTX,Tg Therapeutics
714562,THFF,First Financial Corporation Indiana
1183765,THLD,Threshold Pharmaceuticals
1489096,THR,Thermon Group Holdings Inc
0000903129,THRM,Gentherm Inc
1320695,THS,Treehouse Foods
715787,TILE,Interface
Perform another Company-CIK Lookup,TIME,Time Inc. Common Stock When Iss
0001393726,TIPT,Tiptree Financial Inc
1324189,TIS,Orchids Paper Products Company
845696,TISI,Team Inc
1409171,TITN,Titan Machinery Inc
1088825,TIVO,Tivo Inc
0001404281,TKAI,Tokai Pharmaceuticals Inc
Perform another Company-CIK Lookup,TLMR,Talmer Bancorp Inc
Perform another Company-CIK Lookup,TLN,Talen Energy Corporation
1524025,TLYS,Tilly's Inc
1082754,TMH,Team Health Holdings
1562476,TMHC,Taylor Morrison Home Corporatio
1005817,TMP,Tompkinstrustco
Perform another Company-CIK Lookup,TMST,Timken Steel Corporation Common
1474439,TNAV,Telenav Inc
97134,TNC,Tennant Company
1438133,TNDM,Tandem Diabetes Care Inc
0000937098,TNET,Trinet Group Inc
1182325,TNGO,Tangoe Inc
0001419945,TNK,Teekay Tankers Ltd
Perform another Company-CIK Lookup,TOWN,Towne Bank
1485469,TOWR,Tower International
1091973,TPC,Tutor Perini Corp
1561680,TPH,Tri Pointe Homes Inc. Common S
1281922,TPLM,Triangle Petroleum Corp
1576018,TPRE,Third Point Reinsurance Ltd. Co
Perform another Company-CIK Lookup,TPUB,Tribune Publishing Company Comm
98677,TR,Tootsie Roll Industries
96869,TRC,Tejon Ranch Company
0000007039,TREC,Trecora Resources
1434621,TREE,Tree.Com
1069878,TREX,Trex Company
934648,TRK,Speedway Motorsports
36146,TRMK,Trustmark Corp
1476150,TRNO,Terreno Realty Corp
1213037,TROV,Trovagene Inc
1530804,TROX,Tronox Inc
103096,TRR,Trc Companies
842633,TRS,Trimas Corp
357301,TRST,Trustco Bank Corp NY
1019650,TRUE,Truecar Inc
0001371285,TRUP,Trupanion Inc
1429560,TRVN,Trevena Inc
876378,TRXC,Transenterix Inc
1380846,TSC,Tristate Capital Holdings Inc
0001519061,TSE,Trinseo S.A.
Perform another Company-CIK Lookup,TSQ,Townsquare Media Llc
1261694,TSRA,Tessera Technologies
1491576,TSRO,Tesaro Inc
1111665,TSYS,Telecommunication Systems
1013880,TTEC,Teletech Holdings
831641,TTEK,Tetra Tech
1293282,TTGT,Techtarget
844965,TTI,Tetra Technologies
1116942,TTMI,TTM Technologies
Perform another Company-CIK Lookup,TTOO,T2 Biosystems Inc
1373707,TTPH,Tetraphase Pharmaceuticals Inc
1552800,TTS,Tile Shop Holdings Inc
946581,TTWO,Take-Two Interactive Software
0001449278,TUBE,Tubemogul Inc
878726,TUES,Tuesday Morning
1535031,TUMI,Tumi Holdings Inc
0001424755,TVPT,Travelport Worldwide Ltd
899751,TWI,Titan International
100378,TWIN,Twin Disc Inc
Perform another Company-CIK Lookup,TWOU,2U Inc
25743,TXMD,Therapeuticsmd Inc
1289460,TXRH,Texas Roadhouse
1565337,TXTR,Textura Corp
860731,TYL,Tyler Technologies
1385292,TYPE,Monotype Imaging Holdings Inc
1133311,TZOO,Travelzoo Inc
1308208,UACL,Universal Truckload Services
1514128,UAM,Universal American Financial
1029800,UBA,Urstadt Biddle Properties Inc
1405049,UBNK,United Financial Bancorp Inc
1511737,UBNT,Ubiquiti Networks Inc
886948,UBSH,Union First Market Bankshares Corp
729986,UBSI,United Bankshares
857855,UCBI,United Community Banks
707886,UCFC,United Community Financial
1275014,UCTT,Ultra Clean Holdings
0001440292,UDF,United Development Funding IV
Perform another Company-CIK Lookup,UE,Urban Edge Properties Common Sh
1334933,UEC,Uranium Energy
101984,UEIC,Universal Electronics Inc
101199,UFCS,United Fire Group Inc
100726,UFI,Unifi Inc
912767,UFPI,Universal Forest Products
798783,UHT,Universal Health Realty Income Trust
1401521,UIHC,United Insurance Hld
746838,UIS,Unisys Corp
Perform another Company-CIK Lookup,ULTR,Ultrapetrol [Bahamas] Ltd
101382,UMBF,UMB Financial Corp
752642,UMH,Umh Properties
1077771,UMPQ,Umpqua Holdings Corp
717954,UNF,Unifirst Corp
1020859,UNFI,United Natural Foods
1476170,UNIS,Unilife Corp
798949,UNT,Unit Corp
1142701,UNTD,United Online
1022646,UPL,Ultra Petroleum
883945,USAK,USA Truck
1073429,USCR,US Concrete
82020,USLM,United States Lime & Minerals
896264,USNA,Usana Health Sciences Inc
885978,USPH,U.S. Physical Therapy
909791,UTEK,Ultratech Inc
1261654,UTI,Universal Technical Institute Inc
1124827,UTIW,Uti Worldwide Inc
755001,UTL,Unitil Corp
706698,UTMD,Utah Medical Products
0001385849,UUUU,Energy Fuels Inc
891166,UVE,Universal Insurance Holdings Inc
102212,UVSP,Univest Corporation of Pennsylvania
102037,UVV,Universal Corp
0001614436,VA,Virgin America Inc
1524358,VAC,Marriot Vacations Worldwide Cor
1030206,VASC,Vascular Solutions
1129260,VCRA,Vocera Communications Inc
1384101,VCYT,Veracyte Inc
1044777,VDSI,Vasco Data Security International
Perform another Company-CIK Lookup,VEC,Vectrus Inc. Common Stock
103145,VECO,Veeco Instruments Inc
1272830,VG,Vonage Holdings
59440,VGR,Vector Group Ltd
0001082324,VHC,Virnetx Holding Corp
59255,VHI,Valhi Inc
751978,VICR,Vicor Corp
Perform another Company-CIK Lookup,VIRT,Virtu Financial Inc
103872,VISI,Vision Company As
794172,VIVO,Meridian Bioscience Inc
103595,VLGEA,Village Super Market
714310,VLY,Valley National Bancorp
1407190,VMEM,Violin Memory Inc
1579157,VNCE,Vince Holding Corp. Common Stoc
1347178,VNDA,Vanda Pharmaceuticals Inc
807708,VOXX,Audiovox Corp
1487952,VPG,Vishay Precision Group
1495320,VRA,Vera Bradley
0001361113,VRNS,Varonis Systems Inc
1166388,VRNT,Verint Systems Inc
1084408,VRTS,Virtus Investment Partners
1207074,VRTU,Virtusa Corp
Perform another Company-CIK Lookup,VRTV,Veritiv Corporation Common Stoc
Perform another Company-CIK Lookup,VSAR,Versartis Inc
797721,VSAT,Viasat Inc
102752,VSEC,VSE Corp
103730,VSH,Vishay Intertechnology
1360530,VSI,Vitamin Shoppe Inc
Perform another Company-CIK Lookup,VSLR,Vivint Solar Inc
1526119,VSTM,Verastem Inc
0001157602,VTAE,Vitae Pharmaceuticals Inc
0001280776,VTL,Vital Therapies Inc
884219,VVI,Viad Corp
881524,VVUS,Vivus Inc
0001616707,W,Wayfair Inc
311094,WABC,Westamerica Bancorporation
1040719,WAC,Walter Investment Management Corp
936528,WAFD,Washington Federal
1158863,WAGE,Wageworks Inc
1378718,WAIR,Wesco Aircraft Holdings Inc
1212545,WAL,Western Alliance Bancorporation
737468,WASH,Washington Trust Bancorp
1326583,WBMD,Webmd Health Corp
801337,WBS,Webster Financial Corp
1279363,WCG,Wellcare Group
1574532,WCIC,Wci Communities Inc
1497770,WD,Walker & Dunlop
105132,WDFC,Wd-40 Company
793074,WERN,Werner Enterprises
880631,WETF,Wisdomtree Invstmnts
106532,WEYS,Weyco Group
1103601,WGL,WGL Holdings Inc
107687,WGO,Winnebago Industries
1165002,WHG,Westwood Holdings Group Inc
1285224,WIBC,Wilshire Bancorp
1169988,WIFI,Boingo Wireless Inc
107681,WIN,Windstream Holdings Inc
908315,WINA,Winmark Corp
850460,WIRE,Encore Wire Corp
352183,WIX,Wix.Com Ltd
0001445305,WK,Workiva Llc
106455,WLB,Westmoreland Coal Company
0001180186,WLH,William Lyon Homes
912833,WMAR,West Marine
1465885,WMC,Western Asset Mortgage Capital
1137861,WMGI,Wright Medical Group N.V.
105418,WMK,Weis Markets
350077,WMS,Advanced Drainage Systems Inc
879526,WNC,Wabash National Corp
1339048,WNR,Western Refining
108516,WOR,Worthington Industries
105076,WPP,Wausau-Mosinee Paper Corp
104894,WRE,Washington Real Estate Investment
108385,WRLD,World Acceptance Corp
203596,WSBC,Wesbanco Inc
1569994,WSBF,Waterstone Financial
828944,WSFS,WSFS Financial Corp
0001490653,WSR,Whitestone REIT
105770,WST,West Pharmaceutical Services
1024657,WSTC,West Corp
1166928,WTBA,West Bancorporation
1015328,WTFC,Wintrust Financial Corp
1288403,WTI,W&T Offshore
795403,WTS,Watts Water Technologies
105319,WTW,Weight Watchers International Inc
108312,WWD,Woodward Inc
1091907,WWE,World Wrestling Entertainment
110471,WWW,Wolverine World Wide
0001626878,XBIT,Xbiotech Inc
316300,XCO,Exco Resources NL
0000357020,XCRA,Xcerra Corp
Perform another Company-CIK Lookup,XENT,Intersect Ent Inc
Perform another Company-CIK Lookup,XHR,Xenia Hotels & Resorts Inc
1280600,XLRN,Acceleron Pharma Inc
1326732,XNCR,Xencor Inc
1130591,XNPT,Xenoport Inc
791908,XOMA,Xoma Ltd
1561627,XONE,The Exone Company
1062292,XOXO,Xoxo Group Inc
1166003,XPO,Express-1 Expedited Solutions
1287151,XRM,Xerium Technologies
1120295,XXIA,IXIA
1366367,YDKN,Yadkin Valley Financial Corp
108985,YORW,The York Water Company
716006,YRCW,YRC Worldwide
1296205,ZAGG,Zagg Inc
Perform another Company-CIK Lookup,ZAIS,Zais Group Holdings Inc
Perform another Company-CIK Lookup,ZEN,Zendesk Inc
917470,ZEUS,Olympic Steel
0001374690,ZFGN,Zafgen Inc
1375151,ZGNX,Zogenix Inc
1385544,ZINC,Horsehead Holding
0001107421,ZIOP,Ziopharm Oncology Inc
855612,ZIXI,Zix Corp
1415336,ZLTQ,Zeltiq Aesthetics Inc
Perform another Company-CIK Lookup,ZOES,Zoe'S Kitchen Inc
1318008,ZUMZ,Zumiez Inc
